股票代码,股票名称,交易所,来源指数,申万一级行业,申万二级行业,申万三级行业,概念板块,行业板块,2025年平均价,2025年分红(元/股),2025年分红次数,2025年股息率(%),2024年平均价,2024年分红(元/股),2024年分红次数,2024年股息率(%),2023年平均价,2023年分红(元/股),2023年分红次数,2023年股息率(%),近3年平均股价,3年平均股息率(%),2025Q1平均价,2025Q1分红(元/股),2025Q1股息率(%),2025Q2平均价,2025Q2分红(元/股),2025Q2股息率(%),2025Q3平均价,2025Q3分红(元/股),2025Q3股息率(%),2025Q4平均价,2025Q4分红(元/股),2025Q4股息率(%),2025年最高价,2025年最低价,2025年最高涨幅(%),2025年最低跌幅(%)
601857,中国石油,沪市主板,"中证红利, 红利增长",石油石化,炼化及贸易,炼油化工,AH股;HS300_;MSCI中国;一带一路;上证180_;上证50_;东方财富热股;中字头;中特估;价值股;北京板块;参股保险;周期股;天然气;央国企改革;机构重仓;标准普尔;沪股通;炼化及贸易;炼油化工;石油石化;红利股;融资融券;证金持股;页岩气,炼化及贸易,13.17,0.47,2,3.57,13.03,0.45,2,3.45,10.58,0.43,2,4.06,12.26,3.69,12.5,-,-,12.62,0.25,1.98,13.24,0.22,1.66,14.29,-,-,15.19,11.65,15.31,11.56
600188,兖矿能源,沪市主板,中证红利,煤炭,煤炭开采,动力煤,AH股;HS300_;MSCI中国;上证180_;动力煤;参股期货;参股银行;反内卷概念;周期股;央国企改革;富时罗素;山东板块;昨日炸板;昨日触板;标准普尔;沪股通;煤化工概念;煤炭;煤炭开采;稀缺资源;红利股;融资融券,煤炭开采,68.34,0.72,2,1.05,75.22,1.72,2,2.29,67.3,3.07,1,4.56,70.29,2.63,67.52,-,-,65.41,0.54,0.83,68.06,0.18,0.26,72.36,-,-,77.03,63.43,12.72,7.19
600028,中国石化,沪市主板,中证红利,石油石化,炼化及贸易,炼油化工,AH股;HS300_;MSCI中国;一带一路;上证180_;上证50_;东方财富热股;中字头;中特估;北京板块;周期股;天然气;央国企改革;富时罗素;昨日高振幅;机构重仓;标准普尔;氢能源;沪股通;炼化及贸易;炼油化工;石油石化;碳交易;红利股;融资融券;证金持股;页岩气,炼化及贸易,14.23,0.23,2,1.6,14.57,0.35,2,2.38,13.36,0.34,2,2.54,14.05,2.17,14.38,-,-,14.04,0.14,1.0,14.19,0.09,0.62,14.33,-,-,15.14,13.58,6.38,4.58
601318,中国平安,沪市主板,"中证红利, 红利质量",非银金融,保险Ⅱ,保险Ⅲ,AH股;HS300_;IPO受益;MSCI中国;上证180_;上证50_;互联医疗;互联网金融;保险Ⅱ;保险Ⅲ;养老概念;区块链;参股券商;参股银行;周期股;央视50_;富时罗素;广东板块;标准普尔;沪股通;深圳特区;独角兽;红利股;融资融券;证金持股;非银金融,保险Ⅱ,152.13,2.57,2,1.69,126.28,2.43,2,1.92,125.54,2.43,2,1.94,134.65,1.85,140.49,-,-,143.97,1.62,1.13,157.25,-,-,165.7,0.95,0.57,185.97,135.66,22.25,10.82
429,粤高速A,深市主板,中证红利,交通运输,铁路公路,高速公路,AB股;中证500;交通运输;价值股;参股券商;央国企改革;广东板块;机构重仓;标准普尔;深成500;深股通;粤港自贸;红利股;融资融券;铁路公路;高速公路,铁路公路,33.27,0.52,1,1.57,27.86,0.55,1,1.96,21.63,0.43,1,1.98,27.59,1.84,33.99,-,-,34.8,-,-,32.29,0.52,1.62,32.14,-,-,36.4,29.56,9.41,11.15
600600,青岛啤酒,沪市主板,红利增长,食品饮料,非白酒,啤酒,AH股;HS300_;MSCI中国;上证180_;啤酒;啤酒概念;央国企改革;央视50_;富时罗素;山东板块;新零售;机构重仓;标准普尔;沪股通;股权激励;融资融券;证金持股;超级品牌;酿酒概念;非白酒;食品饮料,非白酒,97.38,2.2,1,2.26,98.72,2.0,1,2.03,124.69,1.3,1,1.04,106.93,1.78,98.73,-,-,101.87,2.2,2.16,96.67,-,-,92.39,-,-,109.94,88.41,12.9,9.21
600295,鄂尔多斯,沪市主板,中证红利,钢铁,冶钢原料,冶钢辅料,AB股;上证380;中证500;价值股;内蒙古;冶钢原料;冶钢辅料;创投;小金属概念;昨日高振幅;标准普尔;沪股通;红利股;融资融券;西部大开发;钢铁,冶钢原料,56.59,0.6,1,1.06,54.79,0.8,1,1.46,51.69,1.0,1,1.93,54.36,1.48,53.27,-,-,52.26,0.6,1.15,57.76,-,-,62.8,-,-,68.02,49.95,20.19,11.74
596,古井贡酒,深市主板,红利增长,食品饮料,白酒Ⅱ,白酒Ⅲ,AB股;HS300_;MSCI中国;央国企改革;央视50_;安徽板块;富时罗素;机构重仓;标准普尔;深成500;深股通;深证100R;白酒;白酒Ⅱ;白酒Ⅲ;百元股;融资融券;酿酒概念;食品饮料,白酒Ⅱ,360.05,6.0,2,1.67,455.37,4.5,1,0.99,560.46,3.0,1,0.54,458.62,1.06,379.66,1.0,0.26,353.25,5.0,1.42,351.75,-,-,357.35,-,-,425.77,306.69,18.25,14.82
513,丽珠集团,深市主板,红利质量,医药生物,化学制药,化学制剂,AH股;MSCI中国;中药概念;中证500;减肥药;创新药;化学制剂;化学制药;医药生物;单抗概念;基因测序;富时罗素;幽门螺杆菌概念;广东板块;标准普尔;流感;深成500;深股通;生物疫苗;痘病毒防治;精准医疗;融资融券;辅助生殖;重组蛋白,化学制药,359.95,1.1,1,0.31,353.71,1.35,1,0.38,328.95,1.6,1,0.49,347.53,0.39,344.32,-,-,347.02,1.1,0.32,387.24,-,-,357.69,-,-,416.0,331.15,15.57,8.0
895,双汇发展,深市主板,"中证红利, 中证红利质量",食品饮料,食品加工,肉制品,HS300_;MSCI中国;人造肉;央视50_;富时罗素;新零售;机构重仓;标准普尔;河南板块;深成500;深股通;深证100R;猪肉概念;社区团购;红利股;肉制品;融资融券;证金持股;超级品牌;预制菜概念;食品加工;食品饮料;鸡肉概念,食品加工,497.92,1.4,2,0.28,481.5,1.36,2,0.28,464.17,1.75,2,0.38,481.2,0.31,492.47,-,-,492.85,0.75,0.15,493.93,0.65,0.13,512.58,-,-,525.96,479.5,5.63,3.7
600016,民生银行,沪市主板,中证红利,银行,股份制银行Ⅱ,股份制银行Ⅲ,AH股;HS300_;MSCI中国;上证180_;互联网金融;价值股;北京板块;参股券商;央视50_;富时罗素;标准普尔;沪股通;破净股;红利破净股;红利股;股份制银行Ⅲ;融资融券;跨境支付;银行;银行Ⅱ;长期破净,银行Ⅱ,104.24,0.2,2,0.19,94.06,0.35,2,0.37,89.61,0.21,1,0.24,95.97,0.27,100.58,-,-,102.98,-,-,110.6,0.2,0.18,102.0,-,-,120.36,96.55,15.46,7.38
600177,雅戈尔,沪市主板,中证红利,纺织服饰,服装家纺,非运动服装,C2M概念;MSCI中国;上证380;中证500;互联网金融;养老概念;参股保险;参股银行;富时罗素;工业大麻;服装家纺;机构重仓;沪股通;浙江板块;电商概念;破净股;红利破净股;红利股;纺织服饰;融资融券;证金持股;长期破净;非运动服装,服装家纺,289.97,0.46,4,0.16,271.96,0.7,3,0.26,245.59,0.5,1,0.2,269.17,0.21,296.33,0.1,0.03,285.97,0.2,0.07,286.44,0.08,0.03,291.81,0.08,0.03,306.02,280.05,5.54,3.42
568,泸州老窖,深市主板,红利增长,食品饮料,白酒Ⅱ,白酒Ⅲ,HS300_;IPO受益;MSCI中国;价值股;农业种植;参股券商;四川板块;基金重仓;央国企改革;富时罗素;成渝特区;机构重仓;标准普尔;深成500;深股通;深证100R;白酒;白酒Ⅱ;白酒Ⅲ;百元股;茅指数;融资融券;西部大开发;证金持股;超级品牌;酿酒概念;食品饮料,白酒Ⅱ,2962.96,5.95,2,0.2,3296.19,5.4,1,0.16,4579.91,4.22,1,0.09,3613.02,0.15,2877.25,1.36,0.05,2854.35,-,-,3016.17,4.59,0.15,3094.46,-,-,3337.98,2605.45,12.66,12.07
600690,海尔智家,沪市主板,红利增长,家用电器,白色家电,冰洗,AH股;HS300_;MSCI中国;上证180_;上证50_;价值股;冰洗;净水概念;央视50_;家用电器;富时罗素;山东板块;工业互联;智能家居;机构重仓;标准普尔;沪股通;物联网;电商概念;白色家电;空气能热泵;节能环保;茅指数;融资融券;证金持股;超级品牌;阿里概念,白色家电,1015.68,1.23,2,0.12,1013.23,0.8,1,0.08,873.38,0.57,1,0.06,967.43,0.09,1034.11,-,-,967.93,-,-,1010.38,0.97,0.1,1051.74,0.27,0.03,1108.07,916.22,9.1,9.79
651,格力电器,深市主板,"中证红利, 红利质量",家用电器,白色家电,空调,HS300_;MSCI中国;价值股;储能概念;光伏概念;净水概念;国产芯片;央视50_;家用电器;工业母机;广东板块;新能源车;新零售;智能家居;机器人概念;机构重仓;标准普尔;深成500;深股通;深证100R;特斯拉;白色家电;空气能热泵;空调;粤港自贸;红利股;职业教育;茅指数;融资融券;证金持股;超级品牌;锂电池概念,白色家电,8648.41,3.0,2,0.03,7858.07,2.38,1,0.03,7004.66,2.0,2,0.03,7837.05,0.03,8491.33,-,-,8772.44,1.0,0.01,8847.5,2.0,0.02,8454.62,-,-,9185.92,8058.44,6.22,6.82
600750,江中药业,沪市主板,红利质量,医药生物,中药Ⅱ,中药Ⅲ,上证380;中药Ⅱ;中药Ⅲ;中药概念;价值股;医药生物;参股银行;央国企改革;小盘股;机构重仓;标准普尔;江西板块;沪股通;白酒;红利股;融资融券;证金持股,中药Ⅱ,318.7,1.2,2,0.38,311.15,1.2,2,0.39,260.63,1.25,2,0.48,296.83,0.41,311.28,-,-,319.61,0.7,0.22,316.43,-,-,327.35,0.5,0.15,353.6,296.44,10.95,6.99
600519,贵州茅台,沪市主板,"中证红利质量, 红利增长",食品饮料,白酒Ⅱ,白酒Ⅲ,HS300_;MSCI中国;上证180_;上证50_;东方财富热股;央国企改革;央视50_;富时罗素;机构重仓;标准普尔;沪股通;电商概念;白酒;白酒Ⅱ;白酒Ⅲ;百元股;茅指数;融资融券;西部大开发;证金持股;贵州板块;超级品牌;酿酒概念;食品饮料,白酒Ⅱ,8700.82,51.63,2,0.59,8906.77,54.76,2,0.61,9660.15,45.02,2,0.47,9089.25,0.56,8715.84,-,-,8878.99,27.67,0.31,8632.17,-,-,8583.9,23.96,0.28,9435.67,8259.57,8.45,5.07
423,东阿阿胶,深市主板,"中证红利质量, 红利质量",医药生物,中药Ⅱ,中药Ⅲ,MSCI中国;中药Ⅱ;中药Ⅲ;中药概念;中证500;创投;医药生物;央国企改革;央视50_;富时罗素;山东板块;机构重仓;标准普尔;深成500;深股通;电商概念;融资融券;超级品牌,中药Ⅱ,614.45,2.54,2,0.41,635.33,2.93,2,0.46,529.44,1.18,1,0.22,593.07,0.37,656.75,-,-,638.32,1.27,0.2,588.8,1.27,0.22,578.62,-,-,694.34,566.28,13.0,7.84
543,皖能电力,深市主板,中证红利质量,公用事业,电力,火力发电,IPO受益;充电桩;公用事业;参股券商;参股银行;可控核聚变;天然气;央国企改革;安徽板块;富时罗素;小盘股;抽水蓄能;新能源;标准普尔;核能核电;深成500;深股通;火力发电;煤化工概念;电力;碳交易;融资融券;超超临界发电;风能,电力,27.63,0.32,1,1.15,28.58,0.22,1,0.77,21.28,0.05,1,0.23,25.83,0.72,26.34,-,-,26.9,0.32,1.19,27.17,-,-,30.1,-,-,32.27,24.85,16.78,10.07
600153,建发股份,沪市主板,中证红利,交通运输,物流,原材料供应链服务,MSCI中国;上证380;中证500;交通运输;养老金;内贸流通;原材料供应链服务;央国企改革;富时罗素;小米汽车;标准普尔;沪股通;物流;电商概念;白酒;破净股;福建板块;红利破净股;红利股;融资融券;长期破净,物流,161.78,0.7,2,0.43,143.99,0.7,1,0.49,153.48,0.8,1,0.52,153.08,0.48,156.51,0.4,0.26,161.23,0.3,0.19,167.39,-,-,161.18,-,-,178.62,148.55,10.41,8.18
786,北新建材,深市主板,红利增长,建筑材料,装修建材,其他建材,HS300_;IPO受益;MSCI中国;其他建材Ⅲ;北京板块;参股新三板;周期股;央国企改革;富时罗素;建筑材料;新材料;新能源;标准普尔;深成500;深股通;深证100R;融资融券;装修建材;装配建筑;雄安新区,装修建材,387.31,0.86,1,0.22,396.24,0.83,1,0.21,361.06,0.66,1,0.18,381.54,0.21,414.56,-,-,399.19,0.86,0.22,378.39,-,-,359.35,-,-,445.87,346.03,15.12,10.66
600729,重庆百货,沪市主板,中证红利,商贸零售,一般零售,多业态零售,一般零售;上证380;互联网金融;内贸流通;商贸零售;多业态零售;富时罗素;小盘股;小米汽车;成渝特区;标准普尔;沪股通;电商概念;红利股;融资融券;西部大开发;证金持股;重庆板块,一般零售,79.55,1.36,1,1.71,70.48,1.36,1,1.92,75.82,0.68,1,0.9,75.28,1.51,78.97,-,-,81.5,-,-,80.09,1.36,1.7,77.55,-,-,87.31,74.51,9.76,6.33
600323,瀚蓝环境,沪市主板,"红利增长, 红利质量",环保,环境治理,固废治理,PPP模式;上证380;养老金;创投;固废治理;垃圾分类;天然气;央国企改革;富时罗素;小盘股;广东板块;标准普尔;沪股通;环保;环境治理;节能环保;融资融券,环境治理,77.7,1.05,2,1.35,60.53,0.48,1,0.79,55.86,0.22,1,0.39,64.7,0.85,67.72,-,-,72.97,-,-,80.67,0.8,0.99,88.67,0.25,0.28,93.26,62.77,20.02,19.22
157,中联重科,深市主板,中证红利,机械设备,工程机械,工程机械整机,AH股;HS300_;MSCI中国;一带一路;乡村振兴;人工智能;人形机器人;参股银行;富时罗素;工业互联;工程机械;工程机械整机;工程机械概念;机构重仓;机械设备;标准普尔;深成500;深股通;深证100R;湖南板块;算力概念;节能环保;融资融券;证金持股;雅下水电概念,工程机械,402.21,0.3,1,0.07,381.8,0.32,1,0.08,336.44,0.32,1,0.1,373.48,0.08,392.39,-,-,384.79,-,-,400.32,0.3,0.07,431.03,-,-,445.57,360.02,10.78,10.49
729,燕京啤酒,深市主板,红利增长,食品饮料,非白酒,啤酒,MSCI中国;中证500;创投;北京板块;啤酒;啤酒概念;央国企改革;富时罗素;标准普尔;深成500;深股通;融资融券;酿酒概念;非白酒;食品饮料,非白酒,90.86,0.29,2,0.32,70.5,0.1,1,0.14,82.66,0.08,1,0.1,81.34,0.19,84.96,-,-,95.58,-,-,92.63,0.19,0.21,89.82,0.1,0.11,104.35,79.01,14.85,13.04
600660,福耀玻璃,沪市主板,"中证红利质量, 红利质量",汽车,汽车零部件,车身附件及饰件,AH股;HS300_;MSCI中国;上证180_;光伏概念;周期股;央视50_;富时罗素;小米汽车;机构重仓;标准普尔;汽车;汽车零部件;沪股通;特斯拉;福建板块;融资融券;证金持股;贬值受益;车身附件及饰件,汽车零部件,3683.12,2.7,2,0.07,2983.83,1.3,1,0.04,2307.33,1.25,1,0.05,2991.43,0.06,3493.85,-,-,3479.07,1.8,0.05,3772.78,-,-,3968.35,0.9,0.02,4373.9,3254.02,18.76,11.65
2555,三七互娱,深市主板,中证红利质量,传媒,游戏Ⅱ,游戏Ⅲ,AI应用;Kimi概念;MSCI中国;人脑工程;价值股;传媒;元宇宙概念;创投;华为概念;参股新三板;在线教育;安徽板块;富时罗素;智谱AI;标准普尔;深成500;深股通;游戏Ⅱ;游戏Ⅲ;网红经济;网络游戏;虚拟现实;融资融券,游戏Ⅱ,243.49,1.0,4,0.41,213.01,1.0,4,0.47,303.75,0.9,2,0.3,253.42,0.39,213.59,-,-,213.66,0.58,0.27,258.5,0.21,0.08,285.22,0.21,0.07,312.6,192.78,28.38,20.83
600210,紫江企业,沪市主板,"中证红利质量, 红利增长",轻工制造,包装印刷,塑料包装,2025三季报预增;上海板块;上证380;低空经济;刀片电池;创投;包装印刷;包装材料;固态电池;塑料包装;大飞机;富时罗素;小盘股;标准普尔;毫米波概念;沪股通;融资融券;轻工制造;锂电池概念;长江三角;降解塑料;飞行汽车(eVTOL),包装印刷,42.36,0.3,1,0.71,35.25,0.25,1,0.71,32.73,0.25,1,0.76,36.78,0.73,40.74,-,-,40.05,-,-,42.79,0.3,0.7,45.75,-,-,48.15,38.44,13.66,9.26
563,陕国投A,深市主板,红利增长,非银金融,多元金融,信托,中证500;信托;化债(AMC)概念;参股保险;参股券商;多元金融;央国企改革;富时罗素;标准普尔;深成500;深股通;破净股;融资融券;西部大开发;证金持股;陕西板块;非银金融,多元金融,68.6,0.08,3,0.12,59.1,0.11,3,0.19,57.87,0.03,1,0.05,61.86,0.12,67.51,-,-,65.37,0.05,0.08,71.62,-,-,69.55,0.03,0.04,76.46,60.32,11.45,12.07
600761,安徽合力,沪市主板,红利增长,机械设备,工程机械,工程机械整机,上证380;养老金;央国企改革;安徽板块;小盘股;工程机械;工程机械整机;工程机械概念;新能源车;昨日高振幅;最近多板;机械设备;沪股通;融资融券,工程机械,197.73,0.7,2,0.35,200.22,0.6,1,0.3,182.97,0.4,1,0.22,193.64,0.29,196.58,-,-,177.27,0.6,0.34,203.95,-,-,212.43,0.1,0.05,232.46,162.24,17.57,17.95
600273,嘉化能源,沪市主板,中证红利,基础化工,化学制品,其他化学制品,上证380;光伏概念;其他化学制品;化学制品;基础化工;小盘股;新材料;新能源;昨日高振幅;标准普尔;氢能源;沪股通;浙江板块;消毒剂;红利股;融资融券;长江三角,化学制品,12.37,0.4,2,3.23,11.33,0.4,2,3.53,12.08,0.7,2,5.79,11.93,4.19,11.69,-,-,12.24,0.2,1.63,12.78,0.2,1.56,12.7,-,-,13.35,11.27,7.91,8.9
933,神火股份,深市主板,"中证红利, 红利质量",有色金属,工业金属,铝,MSCI中国;中证500;央国企改革;富时罗素;工业金属;有色金属;机构重仓;标准普尔;河南板块;深成500;深股通;煤化工概念;稀缺资源;融资融券;铝,工业金属,206.0,0.5,1,0.24,189.48,1.1,2,0.58,157.82,1.0,1,0.63,184.43,0.49,191.62,-,-,180.3,0.5,0.28,197.68,-,-,254.5,-,-,275.15,172.1,33.57,16.46
983,山西焦煤,深市主板,中证红利,煤炭,煤炭开采,焦煤,HS300_;MSCI中国;反内卷概念;央国企改革;富时罗素;山西板块;机构重仓;标准普尔;深成500;深股通;焦煤;煤炭;煤炭开采;稀缺资源;红利股;融资融券,煤炭开采,76.3,0.26,2,0.34,89.82,0.8,1,0.89,87.29,1.2,1,1.37,84.47,0.87,77.51,-,-,72.54,-,-,77.72,0.22,0.28,77.37,0.04,0.05,83.02,69.58,8.8,8.81
600362,江西铜业,沪市主板,红利增长,有色金属,工业金属,铜,AH股;HS300_;MSCI中国;一带一路;上证180_;参股券商;参股银行;央国企改革;富时罗素;小金属概念;工业金属;新材料;有色金属;机构重仓;标准普尔;江西板块;沪股通;稀缺资源;融资融券;证金持股;铜;锂电池概念;黄金概念,工业金属,33.81,1.1,2,3.25,27.63,0.6,1,2.17,24.09,0.5,1,2.08,28.51,2.5,27.46,-,-,27.68,-,-,32.5,0.7,2.15,47.4,0.4,0.84,61.95,25.74,83.24,23.86
600015,华夏银行,沪市主板,"中证红利, 红利增长",银行,股份制银行Ⅱ,股份制银行Ⅲ,HS300_;MSCI中国;上证180_;互联网金融;价值股;北京板块;富时罗素;机构重仓;标准普尔;沪股通;破净股;红利破净股;红利股;股份制银行Ⅲ;蚂蚁概念;融资融券;证金持股;跨境支付;银行;银行Ⅱ;长期破净,银行Ⅱ,26.45,0.41,2,1.53,23.72,0.38,1,1.62,20.38,0.38,1,1.88,23.52,1.68,26.01,0.1,0.38,26.74,0.3,1.14,27.42,-,-,25.51,-,-,29.3,24.7,10.78,6.61
600377,宁沪高速,沪市主板,红利增长,交通运输,铁路公路,高速公路,AH股;HS300_;上证180_;交通运输;央国企改革;富时罗素;机构重仓;标准普尔;江苏板块;沪股通;红利股;融资融券;铁路公路;长江三角;高速公路,铁路公路,22.23,0.49,1,2.2,20.08,0.47,1,2.34,16.38,0.46,1,2.81,19.56,2.45,22.37,-,-,23.36,-,-,22.05,0.49,2.22,21.18,-,-,24.05,20.18,8.18,9.23
90,天健集团,深市主板,中证红利,房地产,房地产开发,住宅开发,2025中报预减;人工智能;住宅开发;养老金;央国企改革;富时罗素;广东板块;房地产;房地产开发;数字孪生;新型城镇化;智慧城市;机器人概念;标准普尔;深圳特区;深股通;破净股;租售同权;粤港自贸;红利破净股;红利股;融资融券;长期破净,房地产开发,27.33,0.1,1,0.37,28.49,0.25,1,0.88,32.81,0.32,1,0.98,29.54,0.74,27.82,-,-,26.5,-,-,26.96,0.1,0.37,28.1,-,-,32.2,25.91,17.83,5.19
600012,皖通高速,沪市主板,"中证红利, 红利增长",交通运输,铁路公路,高速公路,AH股;上证380;交通运输;参股新三板;央国企改革;安徽板块;富时罗素;小盘股;机构重仓;标准普尔;沪股通;红利股;融资融券;铁路公路;高速公路,铁路公路,26.17,0.6,1,2.31,23.17,0.6,1,2.59,17.43,0.55,1,3.16,22.26,2.69,26.29,-,-,27.66,-,-,25.58,0.6,2.36,25.23,-,-,28.75,22.78,9.85,12.96
858,五粮液,深市主板,红利增长,食品饮料,白酒Ⅱ,白酒Ⅲ,HS300_;MSCI中国;参股银行;四川板块;央国企改革;富时罗素;成渝特区;新零售;机构重仓;标准普尔;深成500;深股通;深证100R;电商概念;白酒;白酒Ⅱ;白酒Ⅲ;百元股;茅指数;融资融券;西部大开发;证金持股;超级品牌;酿酒概念;食品饮料,白酒Ⅱ,2388.32,8.32,3,0.35,2504.52,4.67,1,0.19,2958.29,3.78,1,0.13,2617.04,0.22,2464.04,2.58,0.1,2403.26,-,-,2395.49,3.17,0.13,2293.56,2.58,0.11,2615.09,2159.81,9.49,9.57
600585,海螺水泥,沪市主板,中证红利,建筑材料,水泥,水泥制造,AH股;HS300_;MSCI中国;一带一路;上证180_;价值股;储能概念;反内卷概念;周期股;央国企改革;央视50_;安徽板块;富时罗素;建筑材料;机构重仓;标准普尔;水泥;水泥制造;沪股通;破净股;红利破净股;红利股;融资融券;装配建筑;证金持股;铁路基建;长期破净;雅下水电概念,水泥,116.82,0.95,2,0.81,114.78,0.96,1,0.84,118.52,1.48,1,1.25,116.71,0.97,116.76,-,-,115.71,0.71,0.61,118.01,0.24,0.2,116.67,-,-,128.49,109.59,9.99,6.19
2601,龙佰集团,深市主板,中证红利,基础化工,化学原料,钛白粉,HS300_;MSCI中国;养老概念;化学原料;固态电池;基础化工;富时罗素;昨日高振幅;标准普尔;氢能源;河南板块;深成500;深股通;深证100R;红利股;融资融券;钒电池;钛白粉;钛白粉概念;锂电池概念,化学原料,185.71,0.6,2,0.32,184.85,0.9,2,0.49,179.16,0.9,2,0.5,183.24,0.44,184.7,-,-,176.34,0.5,0.28,188.08,-,-,193.45,0.1,0.05,205.24,172.3,10.51,7.22
600549,厦门钨业,沪市主板,红利增长,有色金属,小金属,钨,MSCI中国;上证380;中证500;动力电池回收;可控核聚变;固态电池;央国企改革;富时罗素;小金属;小金属概念;新材料;昨日高振幅;有色金属;机器人概念;标准普尔;沪股通;独角兽;福建板块;稀土永磁;稀缺资源;融资融券;钨;锂电池概念,小金属,249.79,0.6,2,0.24,185.92,0.4,1,0.22,188.08,0.35,1,0.19,207.93,0.21,199.41,-,-,198.29,0.42,0.21,256.45,0.18,0.07,341.84,-,-,408.78,182.28,63.65,27.03
600741,华域汽车,沪市主板,中证红利,汽车,汽车零部件,车身附件及饰件,HS300_;MSCI中国;上海板块;上证180_;价值股;养老金;参股券商;周期股;固态电池;央国企改革;富时罗素;小米汽车;新能源车;无人驾驶;机构重仓;标准普尔;毫米波概念;汽车;汽车零部件;沪企改革;沪股通;特斯拉;破净股;融资融券;证金持股;车身附件及饰件,汽车零部件,780.67,0.8,1,0.1,701.91,0.75,1,0.11,720.31,0.88,1,0.12,734.3,0.11,738.09,-,-,748.3,-,-,799.52,0.8,0.1,832.74,-,-,868.2,697.61,11.21,10.64
600036,招商银行,沪市主板,"中证红利, 红利增长",银行,股份制银行Ⅱ,股份制银行Ⅲ,AH股;HS300_;MSCI中国;上证180_;上证50_;互联网金融;央视50_;富时罗素;广东板块;机构重仓;标准普尔;沪股通;深圳特区;破净股;股份制银行Ⅲ;茅指数;融资融券;证金持股;跨境支付;银行;银行Ⅱ,银行Ⅱ,217.71,2.0,1,0.92,175.13,1.97,1,1.13,165.56,1.74,1,1.05,186.14,1.03,209.35,-,-,216.96,-,-,224.47,2.0,0.89,218.98,-,-,234.73,196.69,7.82,9.66
400,许继电气,深市主板,红利增长,电力设备,电网设备,电网自动化设备,MSCI中国;一带一路;中证500;储能概念;充电桩;光伏概念;央国企改革;富时罗素;抽水蓄能;换电概念;无线充电;智能电网;标准普尔;氢能源;河南板块;深成500;深股通;特高压;电力设备;电网自动化设备;电网设备;融资融券,电网设备,144.65,0.47,3,0.33,162.26,0.48,2,0.3,124.87,0.14,1,0.11,143.92,0.24,149.95,0.08,0.06,131.86,-,-,138.85,0.15,0.11,158.78,0.24,0.15,175.89,123.28,21.6,14.77
600436,片仔癀,沪市主板,红利增长,医药生物,中药Ⅱ,中药Ⅲ,HS300_;MSCI中国;上证180_;专精特新;中药Ⅱ;中药Ⅲ;中药概念;化妆品概念;医药生物;央国企改革;富时罗素;机构重仓;标准普尔;沪股通;百元股;福建板块;茅指数;融资融券;证金持股,中药Ⅱ,896.92,3.22,2,0.36,996.62,3.47,2,0.35,1231.87,1.25,1,0.1,1041.8,0.27,925.02,-,-,922.85,-,-,918.2,3.22,0.35,820.88,-,-,973.46,778.02,8.53,13.26
600755,厦门国贸,沪市主板,中证红利,交通运输,物流,原材料供应链服务,DeepSeek概念;一带一路;上证380;交通运输;京东金融;内贸流通;原材料供应链服务;参股券商;参股期货;参股银行;央国企改革;富时罗素;机构重仓;标准普尔;沪股通;物流;破净股;福建板块;红利破净股;红利股;统一大市场;股权激励;融资融券;长期破净,物流,198.76,0.33,2,0.17,201.7,0.5,1,0.25,208.87,0.65,1,0.31,203.11,0.24,196.36,0.16,0.08,193.6,0.17,0.09,197.6,-,-,207.47,-,-,254.38,184.17,27.98,7.34
600282,南钢股份,沪市主板,中证红利,钢铁,普钢,板材,C2M概念;MSCI中国;一带一路;上证380;中证500;人工智能;人形机器人;价值股;创投;化债(AMC)概念;参股新三板;反内卷概念;可燃冰;富时罗素;工业互联;工程机械概念;普钢;板材;标准普尔;核能核电;水利建设;江苏板块;沪股通;油气设服;海洋经济;红利股;节能环保;融资融券;贬值受益;钢铁;长江三角;风能,普钢,25.41,0.2,2,0.8,24.0,0.35,2,1.46,20.25,0.25,1,1.23,23.22,1.16,24.66,-,-,23.83,0.08,0.36,25.42,0.12,0.47,27.68,-,-,28.85,23.35,13.55,8.09
600123,兰花科创,沪市主板,中证红利,煤炭,煤炭开采,焦煤,2025中报预减;上证380;反内卷概念;央国企改革;小盘股;山西板块;微利股;新材料;昨日炸板;昨日触板;标准普尔;沪股通;焦煤;煤化工概念;煤炭;煤炭开采;破净股;稀缺资源;红利破净股;红利股;融资融券;长期破净,煤炭开采,73.75,0.15,1,0.2,89.77,0.75,1,0.84,83.37,1.0,1,1.2,82.3,0.75,78.92,-,-,72.44,-,-,72.54,0.15,0.21,71.45,-,-,81.86,67.12,11.0,8.98
600285,羚锐制药,沪市主板,中证红利质量,医药生物,中药Ⅱ,中药Ⅲ,IPO受益;上证380;中药Ⅱ;中药Ⅲ;中药概念;养老金;创新药;医药生物;参股银行;小盘股;标准普尔;沪股通;河南板块;融资融券,中药Ⅱ,119.22,0.9,1,0.75,114.5,0.8,1,0.7,83.06,0.6,1,0.72,105.59,0.73,110.63,-,-,121.11,0.9,0.74,124.08,-,-,120.12,-,-,130.5,106.29,9.47,10.84
600406,国电南瑞,沪市主板,红利增长,电力设备,电网设备,电网自动化设备,HS300_;IGBT概念;MSCI中国;PPP模式;一带一路;上证180_;上证50_;东方财富热股;中特估;储能概念;充电桩;光伏概念;半导体概念;国产芯片;央国企改革;富时罗素;抽水蓄能;换电概念;数据中心;新能源;智能电网;机构重仓;标准普尔;核能核电;江苏板块;沪股通;特高压;电力设备;电网自动化设备;电网设备;节能环保;虚拟电厂;融资融券;证金持股;车联网(车路云);量子科技,电网设备,876.39,0.58,2,0.07,907.71,0.68,2,0.07,829.3,0.39,1,0.05,871.13,0.06,878.13,-,-,864.99,0.43,0.05,859.91,0.15,0.02,904.27,-,-,975.09,832.58,11.26,5.0
600350,山东高速,沪市主板,中证红利,交通运输,铁路公路,高速公路,上证180_;交通运输;参股银行;央国企改革;富时罗素;山东板块;机构重仓;标准普尔;沪股通;红利股;股权激励;融资融券;铁路公路;高速公路,铁路公路,14.5,0.42,1,2.9,12.96,0.42,1,3.24,10.4,0.4,1,3.85,12.62,3.33,14.33,-,-,15.21,-,-,14.32,0.42,2.93,14.14,-,-,15.84,13.35,9.27,7.9
988,华工科技,深市主板,红利增长,机械设备,自动化设备,激光设备,2025中报预增;3D打印;3D玻璃;5G概念;CPO概念;DeepSeek概念;F5G概念;IPO受益;MSCI中国;东方财富热股;传感器;充电桩;光通信模块;全息技术;创投;半导体概念;华为概念;央国企改革;富时罗素;工业母机;新材料;新能源车;昨日高振幅;智能家居;机器人概念;机械设备;柔性屏(折叠屏);标准普尔;深成500;深股通;湖北板块;湖北自贸;激光设备;物联网;特斯拉;玻璃基板;百元股;移动支付;自动化设备;苹果概念;蓝宝石;融资融券;量子科技;高压快充,自动化设备,404.25,0.2,1,0.05,231.88,0.15,1,0.06,214.0,0.1,1,0.05,283.38,0.05,306.91,-,-,302.36,0.2,0.07,439.97,-,-,559.31,-,-,713.15,244.68,76.41,39.47
600300,维维股份,沪市主板,中证红利质量,食品饮料,饮料乳品,软饮料,乳业;价值股;创投;参股银行;央国企改革;婴童概念;抖音小店;江苏板块;沪股通;生态农业;电商概念;粮食概念;软饮料;长江三角;食品饮料;饮料乳品,饮料乳品,19.84,0.13,1,0.65,16.29,0.07,1,0.4,17.87,0.02,1,0.1,18.0,0.38,18.5,-,-,20.53,0.13,0.62,19.89,-,-,20.38,-,-,23.63,16.81,19.08,15.29
600064,南京高科,沪市主板,中证红利,房地产,房地产开发,住宅开发,IPO受益;上证380;住宅开发;创投;参股券商;参股新三板;参股银行;央国企改革;小盘股;房地产;房地产开发;江苏板块;沪股通;破净股;红利破净股;红利股;融资融券;证金持股;长期破净;长江三角,房地产开发,141.41,0.3,1,0.21,121.08,0.28,1,0.23,117.17,0.42,1,0.36,126.56,0.27,132.91,-,-,134.76,-,-,143.7,0.3,0.21,153.63,-,-,162.25,124.76,14.73,11.78
600398,海澜之家,沪市主板,中证红利,纺织服饰,服装家纺,非运动服装,MSCI中国;上证380;中证500;价值股;参股银行;央视50_;婴童概念;小红书概念;抖音小店;抖音概念(字节概念);新零售;服装家纺;标准普尔;江苏板块;沪股通;电商概念;红利股;纺织服饰;网红经济;融资融券;长江三角;阿里概念;非运动服装,服装家纺,63.4,0.18,1,0.28,62.37,0.79,2,1.27,55.45,0.43,1,0.78,60.4,0.78,67.33,-,-,65.54,-,-,62.35,0.18,0.29,58.69,-,-,71.38,57.51,12.59,9.29
600993,马应龙,沪市主板,红利增长,医药生物,中药Ⅱ,中药Ⅲ,QFII重仓;上证380;中药Ⅱ;中药Ⅲ;中药概念;养老金;医药生物;参股新三板;婴童概念;富时罗素;小盘股;标准普尔;沪股通;消毒剂;湖北板块;融资融券,中药Ⅱ,308.53,0.62,1,0.2,287.57,0.4,1,0.14,281.1,0.35,1,0.12,292.4,0.15,280.91,-,-,310.51,-,-,315.39,0.62,0.2,325.23,-,-,345.19,269.88,11.88,12.53
601328,交通银行,沪市主板,中证红利,银行,国有大型银行Ⅱ,国有大型银行Ⅲ,AH股;HS300_;MSCI中国;QFII重仓;上海板块;上证180_;上证50_;中特估;互联网金融;国有大型银行Ⅲ;富时罗素;机构重仓;标准普尔;沪股通;破净股;红利破净股;红利股;融资融券;证金持股;跨境支付;银行;银行Ⅱ;长期破净;长江三角,银行Ⅱ,14.57,0.54,3,3.67,13.3,0.38,1,2.82,11.0,0.37,1,3.39,12.95,3.3,14.13,0.18,1.29,14.85,0.2,1.33,14.76,-,-,14.49,0.16,1.08,15.74,13.71,8.05,5.88
600284,浦东建设,沪市主板,红利增长,建筑装饰,基础建设,基建市政工程,上海板块;上海自贸;创投;基建市政工程;基础建设;央国企改革;富时罗素;工程建设;建筑装饰;机构重仓;标准普尔;沪股通;破净股;节能环保;融资融券;证金持股;长江三角,基础建设,19.81,0.18,2,0.91,16.45,0.38,2,2.32,17.66,0.21,1,1.19,17.97,1.47,17.48,-,-,18.64,0.1,0.54,21.12,-,-,21.76,0.08,0.37,26.0,16.47,31.23,16.87
999,华润三九,深市主板,红利增长,医药生物,中药Ⅱ,中药Ⅲ,HS300_;MSCI中国;中特估;中药Ⅱ;中药Ⅲ;中药概念;创新药;化妆品概念;医药生物;央国企改革;婴童概念;富时罗素;广东板块;标准普尔;流感;深圳特区;深成500;深股通;深证100R;独家药品;电商概念;病毒防治;维生素;融资融券,中药Ⅱ,80.84,0.77,2,0.95,83.56,2.5,2,2.99,75.55,1.0,1,1.32,79.98,1.76,84.18,-,-,83.68,0.32,0.38,79.33,-,-,76.49,0.45,0.59,88.72,73.77,9.75,8.75
600985,淮北矿业,沪市主板,中证红利,煤炭,煤炭开采,焦煤,2025中报预减;MSCI中国;上证380;中证500;反内卷概念;央国企改革;安徽板块;富时罗素;标准普尔;民爆概念;沪股通;焦煤;煤化工概念;煤炭;煤炭开采;破净股;红利破净股;红利股;融资融券;长期破净,煤炭开采,40.0,0.75,1,1.88,46.45,1.0,1,2.15,37.78,1.05,1,2.78,41.41,2.27,40.99,-,-,38.44,0.75,1.95,40.15,-,-,40.45,-,-,43.27,37.35,8.19,6.61
2028,思源电气,深市主板,红利增长,电力设备,电网设备,输变电设备,HS300_;MSCI中国;QFII重仓;上海板块;储能概念;充电桩;光伏概念;半导体概念;周期股;富时罗素;新能源;智能电网;标准普尔;深成500;深股通;深证100R;特高压;电力设备;电网设备;百元股;磁悬浮概念;融资融券;超级电容;输变电设备;长江三角;风能,电网设备,1240.54,0.5,1,0.04,889.99,0.4,1,0.04,638.25,0.3,1,0.05,922.93,0.04,995.77,-,-,978.76,-,-,1145.14,0.5,0.04,1839.78,-,-,2120.03,930.56,70.9,24.99
600351,亚宝药业,沪市主板,中证红利质量,医药生物,中药Ⅱ,中药Ⅲ,中药Ⅱ;中药Ⅲ;中药概念;价值股;创新药;医药生物;婴童概念;山西板块;幽门螺杆菌概念;沪股通;融资融券,中药Ⅱ,48.28,0.3,1,0.62,44.44,0.15,1,0.34,50.5,0.05,1,0.1,47.74,0.35,44.83,-,-,45.48,0.3,0.66,51.86,-,-,50.42,-,-,58.22,42.32,20.59,12.34
807,云铝股份,深市主板,中证红利质量,有色金属,工业金属,铝,HS300_;MSCI中国;云南板块;央国企改革;富时罗素;工业金属;新能源车;有色金属;标准普尔;深成500;深股通;燃料电池概念;稀缺资源;节能环保;融资融券;西部大开发;铝,工业金属,74.87,0.5,2,0.67,53.77,0.46,2,0.86,53.59,0.16,1,0.3,60.74,0.61,67.11,-,-,61.69,0.18,0.29,71.41,-,-,99.24,0.32,0.32,126.88,56.52,69.46,24.51
601899,紫金矿业,沪市主板,红利增长,有色金属,工业金属,铜,2025中报预增;AH股;HS300_;MSCI中国;一带一路;上证180_;上证50_;东方财富热股;周期股;基金重仓;央国企改革;富时罗素;小金属概念;工业金属;有色金属;机构重仓;标准普尔;沪股通;福建板块;稀缺资源;融资融券;证金持股;贬值受益;铜;锂矿概念;黄金概念,工业金属,35.93,0.5,2,1.39,26.62,0.3,2,1.13,20.28,0.25,2,1.23,27.61,1.25,27.74,-,-,29.9,0.28,0.94,36.35,0.22,0.61,49.26,-,-,55.31,25.62,53.95,28.69
975,山金国际,深市主板,中证红利质量,有色金属,贵金属,黄金,2025中报预增;HS300_;MSCI中国;内蒙古;央国企改革;富时罗素;小金属概念;昨日高振幅;有色金属;标准普尔;深成500;深股通;深证100R;融资融券;西部大开发;贵金属;黄金;黄金概念,贵金属,184.38,0.36,1,0.2,157.46,0.28,1,0.18,123.65,0.28,1,0.23,155.17,0.2,160.19,-,-,185.32,0.36,0.2,183.09,-,-,207.86,-,-,232.53,150.26,26.11,18.51
601939,建设银行,沪市主板,中证红利,银行,国有大型银行Ⅱ,国有大型银行Ⅲ,AH股;HS300_;MSCI中国;上证180_;中特估;互联网金融;北京板块;国有大型银行Ⅲ;央国企改革;央视50_;富时罗素;机构重仓;标准普尔;沪股通;破净股;红利破净股;红利股;融资融券;证金持股;跨境支付;银行;银行Ⅱ;长期破净,银行Ⅱ,14.83,0.59,3,3.97,12.51,0.4,1,3.2,10.69,0.39,1,3.64,12.68,3.6,14.07,0.2,1.4,14.85,0.21,1.39,15.13,-,-,15.2,0.19,1.22,15.75,13.71,6.18,7.57
601988,中国银行,沪市主板,中证红利,银行,国有大型银行Ⅱ,国有大型银行Ⅲ,AH股;HS300_;MSCI中国;上证180_;上证50_;中字头;中特估;互联网金融;北京板块;国有大型银行Ⅲ;央国企改革;央视50_;富时罗素;机构重仓;标准普尔;沪股通;破净股;红利破净股;红利股;融资融券;证金持股;跨境支付;银行;银行Ⅱ;长期破净,银行Ⅱ,9.42,0.35,3,3.73,8.08,0.24,1,2.93,6.78,0.23,1,3.42,8.1,3.36,9.13,0.12,1.32,9.44,0.12,1.29,9.45,-,-,9.65,0.11,1.13,10.27,8.92,8.98,5.35
600582,天地科技,沪市主板,红利增长,机械设备,专用设备,能源及重型设备,F5G概念;上证380;专用设备;中特估;中证500;人工智能;价值股;北京板块;央国企改革;富时罗素;新能源;机器人概念;机构重仓;机械设备;标准普尔;沪股通;煤化工概念;破净股;能源及重型设备;节能环保;融资融券,专用设备,251.64,0.32,1,0.13,250.46,0.28,1,0.11,210.3,0.2,1,0.1,237.47,0.11,245.32,-,-,249.81,0.32,0.13,258.13,-,-,252.35,-,-,269.42,231.9,7.06,7.85
2043,兔宝宝,深市主板,中证红利,建筑材料,装修建材,其他建材,其他建材Ⅲ;养老金;富时罗素;小盘股;建筑材料;智能家居;浙江板块;深股通;电商概念;红利股;融资融券;装修建材;长江三角,装修建材,65.54,0.6,2,0.92,59.4,0.83,2,1.4,59.18,0.5,1,0.84,61.37,1.05,63.01,-,-,60.86,0.32,0.53,62.29,0.28,0.45,76.2,-,-,81.81,57.09,24.83,12.89
600997,开滦股份,沪市主板,中证红利,煤炭,煤炭开采,焦煤,养老金;反内卷概念;央国企改革;小盘股;机构重仓;氢能源;沪股通;河北板块;焦炭Ⅱ;焦炭Ⅲ;煤化工概念;煤炭;破净股;稀缺资源;红利破净股;红利股;融资融券;长期破净;雄安新区,焦炭Ⅱ,23.45,0.26,1,1.11,24.71,0.34,1,1.39,22.7,0.58,1,2.56,23.62,1.68,23.57,-,-,22.71,0.26,1.14,23.69,-,-,23.79,-,-,26.21,22.07,11.79,5.87
600461,洪城环境,沪市主板,中证红利,环保,环境治理,水务及水治理,PPP模式;创投;垃圾分类;天然气;央国企改革;小盘股;机构重仓;水务及水治理;江西板块;沪股通;环保;环境治理;红利股;节能环保;融资融券;转债标的,环境治理,34.2,0.46,1,1.36,35.09,0.44,1,1.26,28.16,0.43,1,1.54,32.48,1.38,33.11,-,-,34.32,-,-,34.37,0.46,1.35,34.91,-,-,36.54,31.94,6.86,6.6
600373,中文传媒,沪市主板,中证红利,传媒,出版,大众出版,2025中报预减;上证380;传媒;出版;参股新三板;在线教育;增强现实;大众出版;央国企改革;富时罗素;小盘股;广电;数字阅读;机构重仓;标准普尔;江西板块;沪股通;破净股;红利破净股;红利股;网络游戏;虚拟现实;融资融券;长期破净,出版,43.44,0.4,1,0.92,51.43,0.78,1,1.52,45.48,0.75,1,1.65,46.78,1.36,45.38,-,-,42.95,0.4,0.93,42.54,-,-,43.07,-,-,48.27,39.84,11.12,8.29
601006,大秦铁路,沪市主板,中证红利,交通运输,铁路公路,铁路运输,HS300_;MSCI中国;上证180_;中特估;交通运输;央国企改革;富时罗素;山西板块;机构重仓;标准普尔;沪股通;破净股;红利破净股;红利股;融资融券;证金持股;铁路公路;铁路基建;铁路运输;长期破净,铁路公路,13.71,0.22,2,1.6,14.03,0.51,2,3.64,13.78,0.48,1,3.48,13.84,2.91,13.87,-,-,14.0,-,-,13.82,0.14,1.01,13.14,0.08,0.61,14.24,12.7,3.89,7.35
2117,东港股份,深市主板,中证红利质量,轻工制造,包装印刷,印刷,DeepSeek概念;Web3.0;人形机器人;包装印刷;区块链;印刷;大数据;富时罗素;山东板块;彩票概念;拼多多概念;数据确权;机器人概念;深股通;移动支付;算力概念;蚂蚁概念;融资融券;财税数字化;轻工制造;造纸印刷,包装印刷,69.18,0.21,1,0.3,48.22,0.31,2,0.64,54.15,0.22,1,0.41,57.18,0.45,73.89,-,-,65.12,0.21,0.32,68.62,-,-,69.38,-,-,79.85,61.31,15.42,11.38
600502,安徽建工,沪市主板,中证红利,建筑装饰,基础建设,基建市政工程,PPP模式;一带一路;基建市政工程;基础建设;央国企改革;安徽板块;富时罗素;小盘股;工程建设;建筑装饰;房屋检测;新型城镇化;机构重仓;标准普尔;水利建设;沪股通;海绵城市;破净股;红利破净股;红利股;绿色电力;融资融券;装配建筑;长期破净,基础建设,54.37,0.27,2,0.5,51.69,0.26,1,0.5,55.12,0.25,1,0.45,53.73,0.48,51.58,-,-,53.74,0.27,0.5,56.07,-,-,55.77,-,-,59.42,50.12,9.3,7.81
2233,塔牌集团,深市主板,"中证红利, 中证红利质量",建筑材料,水泥,水泥制造,2025中报预增;举牌;创投;反内卷概念;富时罗素;小盘股;广东板块;建筑材料;标准普尔;水泥;水泥制造;深股通;破净股;粤港自贸;红利破净股;红利股;融资融券,水泥,27.57,0.45,1,1.63,24.81,0.5,1,2.02,25.07,0.12,1,0.48,25.81,1.38,25.79,-,-,26.49,0.45,1.7,28.51,-,-,29.3,-,-,30.8,24.91,11.72,9.64
2154,报喜鸟,深市主板,中证红利,纺织服饰,服装家纺,非运动服装,C2M概念;创投;数据要素;服装家纺;浙江板块;深股通;电商概念;红利股;纺织服饰;网红经济;融资融券;长江三角;非运动服装,服装家纺,59.36,0.05,1,0.08,68.54,0.32,2,0.47,72.2,0.2,1,0.28,66.7,0.28,61.32,-,-,57.66,0.05,0.09,58.71,-,-,59.91,-,-,66.98,56.37,12.84,5.04
601398,工商银行,沪市主板,中证红利,银行,国有大型银行Ⅱ,国有大型银行Ⅲ,AH股;HS300_;MSCI中国;一带一路;上证180_;上证50_;中特估;互联网金融;北京板块;区块链;参股保险;参股银行;国有大型银行Ⅲ;央国企改革;央视50_;富时罗素;机构重仓;标准普尔;沪股通;破净股;红利破净股;红利股;融资融券;证金持股;跨境支付;银行;银行Ⅱ;长期破净,银行Ⅱ,11.98,0.45,3,3.75,9.85,0.31,1,3.11,8.43,0.3,1,3.6,10.09,3.49,11.28,0.14,1.27,11.64,-,-,12.26,0.16,1.34,12.69,0.14,1.11,13.05,10.92,8.9,8.87
601601,中国太保,沪市主板,"中证红利质量, 红利质量",非银金融,保险Ⅱ,保险Ⅲ,AH股;GDR;HS300_;MSCI中国;上海板块;上证180_;上证50_;保险Ⅱ;保险Ⅲ;养老概念;周期股;央视50_;富时罗素;机构重仓;标准普尔;沪股通;蚂蚁概念;融资融券;证金持股;长江三角;非银金融,保险Ⅱ,47.52,1.08,1,2.27,40.5,1.02,1,2.52,37.9,1.02,1,2.69,41.97,2.49,43.74,-,-,45.13,-,-,50.46,1.08,2.14,50.26,-,-,55.61,40.98,17.03,13.76
2540,亚太科技,深市主板,中证红利,有色金属,工业金属,铝,3D打印;军工;商业航天;工业金属;新能源车;有色金属;江苏板块;汽车热管理;深股通;红利股;转债标的;铝,工业金属,55.63,0.3,2,0.54,49.17,0.48,2,0.99,48.0,0.41,2,0.85,50.93,0.79,53.18,-,-,52.85,0.2,0.38,55.84,0.1,0.18,60.51,-,-,64.13,50.38,15.28,9.44
600096,云天化,沪市主板,"中证红利, 中证红利质量, 红利质量",基础化工,农化制品,磷肥及磷化工,MSCI中国;一带一路;上证380;中证500;云南板块;价值股;农化制品;化工原料;基础化工;央国企改革;新材料;机构重仓;氟化工概念;沪股通;煤化工概念;碳交易;磷化工;磷肥及磷化工;融资融券;西部大开发;锂电池概念,农化制品,46.3,1.6,2,3.46,37.19,1.0,1,2.69,33.39,1.0,1,2.99,38.96,3.05,40.29,-,-,41.99,1.4,3.33,47.16,0.2,0.42,55.37,-,-,62.93,38.46,35.92,16.93
601169,北京银行,沪市主板,中证红利,银行,城商行Ⅱ,城商行Ⅲ,HS300_;MSCI中国;上证180_;互联网金融;京东金融;价值股;北京板块;参股保险;城商行Ⅲ;富时罗素;小米概念;机构重仓;标准普尔;沪股通;破净股;红利破净股;红利股;融资融券;证金持股;银行;银行Ⅱ;长期破净,银行Ⅱ,23.76,0.32,2,1.35,21.43,0.32,1,1.49,18.2,0.31,1,1.7,21.13,1.51,23.13,0.12,0.52,24.17,-,-,24.65,0.2,0.81,22.96,-,-,26.52,22.49,11.62,5.34
600737,中粮糖业,沪市主板,中证红利,农林牧渔,农产品加工,其他农产品加工,2025中报预减;MSCI中国;上证380;中字头;中证500;乡村振兴;其他农产品加工;农业种植;农产品加工;农林牧渔;央国企改革;富时罗素;新疆板块;沪股通;融资融券;西部大开发;调味品概念,农产品加工,186.39,0.41,1,0.22,138.95,0.83,2,0.6,112.47,0.5,2,0.44,145.94,0.42,147.47,-,-,145.65,-,-,200.34,0.41,0.2,248.74,-,-,285.27,142.9,53.05,23.33
2078,太阳纸业,深市主板,红利增长,轻工制造,造纸,大宗用纸,MSCI中国;中证500;代糖概念;养老金;大宗用纸;富时罗素;山东板块;标准普尔;深成500;深股通;融资融券;轻工制造;造纸;造纸印刷,造纸,117.26,0.4,2,0.34,111.61,0.3,1,0.27,93.48,0.2,1,0.21,107.45,0.27,114.74,-,-,113.54,-,-,118.54,0.3,0.25,121.96,0.1,0.08,130.56,107.41,11.34,8.4
600348,华阳股份,沪市主板,中证红利,煤炭,煤炭开采,焦煤,MSCI中国;上证380;中证500;储能概念;光伏概念;动力煤;反内卷概念;天然气;央国企改革;富时罗素;山西板块;机构重仓;标准普尔;沪股通;煤化工概念;煤炭;煤炭开采;碳纤维;稀缺资源;红利股;融资融券;超超临界发电;钠离子电池,煤炭开采,79.17,0.31,1,0.39,87.67,0.72,1,0.82,83.28,0.88,1,1.05,83.37,0.75,75.07,-,-,74.49,-,-,80.12,0.31,0.39,86.68,-,-,93.78,71.07,18.46,10.23
601088,中国神华,沪市主板,"中证红利, 中证红利质量",煤炭,煤炭开采,动力煤,AH股;HS300_;MSCI中国;上证180_;上证50_;中字头;中特估;动力煤;北京板块;反内卷概念;周期股;央国企改革;央视50_;富时罗素;机构重仓;标准普尔;沪股通;煤化工概念;煤炭;煤炭开采;稀缺资源;红利股;融资融券;证金持股;铁路基建,煤炭开采,61.44,3.24,2,5.27,59.95,2.26,1,3.77,46.77,2.55,1,5.45,56.06,4.83,58.76,-,-,60.13,-,-,61.41,2.26,3.68,65.34,0.98,1.5,67.32,56.28,9.57,8.4
2267,陕天然气,深市主板,中证红利,公用事业,燃气Ⅱ,燃气Ⅲ,公用事业;天然气;央国企改革;富时罗素;小盘股;昨日高振幅;标准普尔;深股通;燃气Ⅱ;燃气Ⅲ;融资融券;西部大开发;证金持股;陕西板块,燃气Ⅱ,23.55,0.35,1,1.49,21.25,0.4,2,1.88,20.84,0.3,1,1.44,21.88,1.6,22.58,-,-,23.73,0.35,1.47,23.95,-,-,23.83,-,-,26.34,21.88,11.87,7.07
600873,梅花生物,沪市主板,"中证红利质量, 红利质量",基础化工,化学制品,食品及饲料添加剂,MSCI中国;上证380;中证500;价值股;化学制品;参股银行;合成生物;基础化工;沪股通;生物疫苗;病毒防治;红利股;维生素;融资融券;西藏板块;西部大开发;调味品概念;食品及饲料添加剂,化学制品,63.78,0.43,1,0.67,59.86,0.6,2,1.0,54.28,0.4,1,0.74,59.3,0.8,59.08,-,-,64.53,0.43,0.66,66.4,-,-,64.6,-,-,69.47,56.17,8.93,11.93
601009,南京银行,沪市主板,中证红利,银行,城商行Ⅱ,城商行Ⅲ,HS300_;MSCI中国;上证180_;互联网金融;城商行Ⅲ;富时罗素;机构重仓;标准普尔;江苏板块;沪股通;破净股;红利破净股;红利股;融资融券;银行;银行Ⅱ;长期破净;长江三角,银行Ⅱ,62.26,0.51,2,0.81,53.83,0.88,2,1.64,47.05,0.53,1,1.13,54.38,1.2,58.75,-,-,61.23,0.2,0.33,64.02,-,-,64.69,0.31,0.47,67.68,57.3,8.7,7.97
2096,易普力,深市主板,红利增长,基础化工,化学制品,民爆制品,IPO受益;军工;军民融合;基建市政工程;基础建设;央国企改革;小盘股;建筑装饰;民爆概念;深成500;深股通;湖南板块;雅下水电概念,基础建设,63.09,0.23,1,0.36,58.27,0.2,1,0.35,56.97,0.03,1,0.05,59.45,0.26,56.19,-,-,59.86,-,-,68.3,0.23,0.34,67.14,-,-,82.31,51.13,30.47,18.96
601166,兴业银行,沪市主板,中证红利,银行,股份制银行Ⅱ,股份制银行Ⅲ,HS300_;MSCI中国;上证180_;上证50_;互联网金融;价值股;央视50_;富时罗素;机构重仓;标准普尔;沪股通;破净股;福建板块;红利破净股;红利股;股份制银行Ⅲ;融资融券;证金持股;跨境支付;转债标的;银行;银行Ⅱ;长期破净,银行Ⅱ,99.77,1.06,1,1.06,81.45,1.04,1,1.28,75.42,1.19,1,1.58,85.55,1.3,94.68,-,-,100.57,1.06,1.05,104.43,-,-,98.67,-,-,112.67,89.08,12.93,10.71
2046,国机精工,深市主板,红利增长,机械设备,通用设备,磨具磨料,中芯概念;军工;半导体概念;商业航天;国产芯片;培育钻石;央国企改革;小盘股;机器人执行器;机器人概念;机械设备;河南板块;深股通;磨具磨料;空间站概念;融资融券;通用设备;风能,通用设备,103.65,0.21,1,0.2,46.74,0.2,1,0.43,49.73,0.18,1,0.36,66.71,0.33,66.41,-,-,69.94,0.21,0.3,123.64,-,-,150.73,-,-,211.36,52.92,103.93,48.94
2353,杰瑞股份,深市主板,红利增长,机械设备,专用设备,能源及重型设备,MSCI中国;一带一路;专用设备;中俄贸易概念;中证500;动力电池回收;天然气;富时罗素;山东板块;昨日高振幅;机械设备;标准普尔;油气设服;海工装备;深成500;深股通;百元股;能源及重型设备;融资融券;页岩气,专用设备,362.01,0.84,2,0.23,266.32,0.61,2,0.23,234.02,0.33,1,0.14,287.45,0.2,306.52,-,-,282.1,0.69,0.24,368.18,0.15,0.04,487.83,-,-,617.91,240.55,70.69,33.55
601928,凤凰传媒,沪市主板,中证红利,传媒,出版,教育出版,上证380;中证500;云计算;价值股;传媒;出版;在线教育;央国企改革;教育出版;数字阅读;数据中心;机构重仓;江苏板块;沪股通;红利股;网络游戏;虚拟现实;蚂蚁概念;融资融券,出版,14.9,0.6,2,4.03,14.12,0.5,1,3.54,13.42,0.5,1,3.73,14.15,3.76,14.52,-,-,15.34,-,-,15.17,0.5,3.3,14.53,0.1,0.69,15.83,13.95,6.22,6.39
2056,横店东磁,深市主板,红利质量,电力设备,光伏设备,光伏电池组件,2025三季报预增;2025中报预增;5G概念;BC电池;MSCI中国;TOPCon电池;中证500;价值股;低空经济;光伏概念;光伏电池组件;光伏设备;共享经济;军工;华为概念;富时罗素;小金属概念;工业互联;新材料;新能源;新能源车;无线充电;昨日高振幅;标准普尔;氢能源;浙江板块;深成500;深股通;特斯拉;电力设备;磁悬浮概念;稀土永磁;苹果概念;融资融券;锂电池概念;长江三角,光伏设备,146.81,0.83,2,0.57,121.02,0.39,1,0.32,152.62,0.36,1,0.24,140.15,0.37,124.07,-,-,124.34,0.45,0.36,153.86,0.38,0.25,183.12,-,-,201.86,114.34,37.5,22.12
2179,中航光电,深市主板,红利增长,国防军工,军工电子Ⅱ,军工电子Ⅲ,5G概念;6G概念;HS300_;MSCI中国;充电桩;军工;军工电子Ⅱ;军工电子Ⅲ;军民融合;北交所概念;华为概念;可控核聚变;周期股;商业航天;国防军工;大飞机;央国企改革;富时罗素;换电概念;新能源车;机器人概念;标准普尔;河南板块;液冷概念;深成500;深股通;深证100R;特斯拉;融资融券,军工电子Ⅱ,553.98,0.8,1,0.14,526.26,0.6,1,0.11,586.27,0.55,1,0.09,555.5,0.12,551.38,-,-,571.53,0.8,0.14,574.41,-,-,516.42,-,-,612.91,472.42,10.64,14.72
601998,中信银行,沪市主板,中证红利,银行,股份制银行Ⅱ,股份制银行Ⅲ,AH股;HS300_;MSCI中国;上证180_;中特估;北京板块;央国企改革;富时罗素;机构重仓;标准普尔;沪股通;破净股;红利破净股;红利股;股份制银行Ⅲ;融资融券;证金持股;银行;银行Ⅱ;长期破净,银行Ⅱ,12.62,0.36,2,2.85,10.76,0.51,2,4.73,9.32,0.33,1,3.53,10.9,3.7,11.53,-,-,12.64,-,-,13.25,0.17,1.3,12.95,0.19,1.45,14.12,11.05,11.88,12.45
600562,国睿科技,沪市主板,红利增长,国防军工,军工电子Ⅱ,军工电子Ⅲ,5G概念;PPP模式;上证380;中证500;低空经济;军工;军工电子Ⅱ;军工电子Ⅲ;军民融合;华为概念;可控核聚变;商业航天;国防军工;大飞机;央国企改革;富时罗素;无人驾驶;江苏板块;沪股通;融资融券;长江三角,军工电子Ⅱ,125.48,0.25,2,0.2,73.51,0.14,1,0.2,77.64,0.13,1,0.17,92.21,0.19,97.2,-,-,120.15,-,-,144.14,0.16,0.11,137.16,0.1,0.07,169.82,87.28,35.33,30.44
2158,汉钟精机,深市主板,红利增长,机械设备,通用设备,制冷空调设备,上海板块;专精特新;光伏概念;养老金;冷链物流;制冷空调设备;半导体概念;地热能;富时罗素;小盘股;工业互联;数据中心;新能源车;昨日高振幅;机械设备;氢能源;深股通;燃料电池概念;空气能热泵;节能环保;融资融券;通用设备;长江三角,通用设备,78.21,0.58,1,0.74,70.43,0.58,1,0.82,85.93,0.44,1,0.51,78.19,0.69,72.46,-,-,68.04,0.58,0.85,81.72,-,-,89.98,-,-,104.29,63.64,33.35,18.63
601168,西部矿业,沪市主板,中证红利,有色金属,工业金属,铜,MSCI中国;上证380;中证500;央国企改革;小金属概念;工业金属;新材料;有色金属;标准普尔;沪股通;稀缺资源;融资融券;西部大开发;钒电池;铜;锂矿概念;青海板块;黄金概念,工业金属,22.88,1.0,1,4.37,20.51,0.5,1,2.44,14.58,1.4,1,9.6,19.32,5.47,20.68,-,-,19.44,1.0,5.14,22.63,-,-,28.69,-,-,32.14,17.94,40.46,21.6
601008,连云港,沪市主板,红利增长,交通运输,航运港口,港口,一带一路;中俄贸易概念;交通运输;央国企改革;江苏板块;沪股通;港口;航运港口;融资融券;长江三角,航运港口,9.26,0.06,1,0.65,6.49,0.05,1,0.77,7.6,0.05,1,0.66,7.78,0.69,6.54,-,-,10.65,0.06,0.56,10.25,-,-,9.38,-,-,13.58,6.3,46.61,31.99
2409,雅克科技,深市主板,红利增长,电子,半导体,半导体材料,MSCI中国;OLED;专精特新;中芯概念;中证500;光刻机(胶);半导体;半导体材料;半导体概念;国产芯片;存储芯片;富时罗素;工业气体;昨日高振幅;标准普尔;氟化工概念;江苏板块;深成500;深股通;电子;磷化工;融资融券;高带宽内存,半导体,192.39,0.58,2,0.3,175.91,0.68,2,0.39,189.82,0.32,1,0.17,186.04,0.29,187.21,-,-,168.73,0.26,0.15,182.95,0.32,0.17,231.36,-,-,262.54,160.63,36.46,16.51
601699,潞安环能,沪市主板,中证红利,煤炭,煤炭开采,焦煤,MSCI中国;上证380;中证500;反内卷概念;央国企改革;富时罗素;山西板块;昨日高振幅;标准普尔;沪股通;焦煤;煤炭;煤炭开采;破净股;稀缺资源;红利破净股;红利股;融资融券,煤炭开采,99.06,0.41,1,0.41,123.39,1.59,1,1.29,115.31,2.85,1,2.47,112.59,1.39,97.97,-,-,90.71,0.41,0.45,101.85,-,-,105.38,-,-,117.48,88.55,18.59,10.61
2415,海康威视,深市主板,红利质量,计算机,计算机设备,安防设备,AI应用;HS300_;MSCI中国;中特估;云计算;人工智能;大数据;央国企改革;央视50_;安防概念;安防设备;无人机;无人驾驶;智慧城市;机器人概念;标准普尔;浙江板块;深成500;深股通;深证100R;物联网;生物识别;茅指数;虚拟现实;融资融券;计算机;计算机设备;证金持股;超清视频;车联网(车路云);边缘计算;长江三角,计算机设备,660.56,1.1,2,0.17,663.1,0.9,1,0.14,740.65,0.7,1,0.09,688.1,0.13,665.45,-,-,629.11,0.7,0.11,655.82,-,-,692.56,0.4,0.06,743.02,610.96,12.48,7.51
600971,恒源煤电,沪市主板,中证红利,煤炭,煤炭开采,动力煤,养老金;反内卷概念;央国企改革;安徽板块;富时罗素;小盘股;标准普尔;沪股通;焦煤;煤炭;煤炭开采;破净股;稀缺资源;红利破净股;红利股;融资融券;长期破净,煤炭开采,75.1,0.47,2,0.63,93.22,0.85,1,0.91,75.24,1.0,1,1.33,81.19,0.96,81.69,0.2,0.24,73.22,0.27,0.37,73.02,-,-,73.01,-,-,84.23,69.2,12.16,7.85
2262,恩华药业,深市主板,红利增长,医药生物,化学制药,化学制剂,MSCI中国;中证500;互联医疗;创新药;化学制剂;化学制药;医药生物;富时罗素;标准普尔;江苏板块;深成500;深股通;痘病毒防治;精准医疗;融资融券;长江三角;阿兹海默,化学制药,203.27,0.36,1,0.18,211.81,0.32,1,0.15,222.95,0.2,1,0.09,212.68,0.14,191.82,-,-,192.19,0.36,0.19,211.32,-,-,216.36,-,-,249.26,180.08,22.63,11.41
2017,东信和平,深市主板,红利增长,通信,通信设备,通信终端及配件,5G概念;信创;央国企改革;富时罗素;小盘股;广东板块;数字货币;数据安全;深股通;物联网;电商概念;移动支付;网络安全;融资融券;车联网(车路云);通信;通信终端及配件;通信设备,通信设备,111.46,0.16,1,0.15,56.38,0.15,1,0.27,69.41,0.1,1,0.14,79.08,0.19,65.08,-,-,70.0,0.16,0.23,159.91,-,-,143.68,-,-,221.21,53.37,98.47,52.12
601000,唐山港,沪市主板,"中证红利, 中证红利质量",交通运输,航运港口,港口,上证380;中证500;交通运输;京津冀;价值股;央国企改革;富时罗素;标准普尔;沪股通;河北板块;港口;红利股;航运港口;融资融券;证金持股;雄安新区,航运港口,23.87,0.2,1,0.84,24.84,0.2,1,0.81,19.45,0.2,1,1.03,22.72,0.89,24.15,-,-,24.02,0.2,0.83,23.8,-,-,23.52,-,-,26.18,22.94,9.7,3.88
2532,天山铝业,深市主板,中证红利质量,有色金属,工业金属,铝,MSCI中国;中证500;价值股;富时罗素;工业金属;新疆板块;有色金属;深成500;深股通;融资融券;铝,工业金属,76.08,0.4,2,0.53,56.12,0.35,2,0.62,53.2,0.2,1,0.38,61.8,0.51,67.52,-,-,61.82,0.2,0.32,75.42,-,-,99.19,0.2,0.2,117.42,55.18,54.34,27.47
601668,中国建筑,沪市主板,中证红利,建筑装饰,房屋建设Ⅱ,房屋建设Ⅲ,HS300_;MSCI中国;PPP模式;一带一路;上证180_;上证50_;中字头;中特估;北京板块;央国企改革;富时罗素;工程建设;建筑装饰;房屋建设Ⅱ;房屋建设Ⅲ;数字孪生;机构重仓;标准普尔;沪股通;破净股;融资融券;装配建筑;证金持股;长期破净,房屋建设Ⅱ,11.05,0.27,1,2.46,10.64,0.27,1,2.55,10.49,0.25,1,2.41,10.72,2.47,10.82,-,-,10.94,-,-,11.37,0.27,2.39,11.0,-,-,11.85,10.21,7.28,7.56
601288,农业银行,沪市主板,中证红利,银行,国有大型银行Ⅱ,国有大型银行Ⅲ,AH股;HS300_;MSCI中国;上证180_;上证50_;中特估;互联网金融;北京板块;国有大型银行Ⅲ;富时罗素;机构重仓;标准普尔;沪股通;破净股;红利破净股;红利股;融资融券;证金持股;跨境支付;银行;银行Ⅱ,银行Ⅱ,8.91,0.36,3,4.05,6.81,0.23,1,3.39,5.47,0.22,1,4.06,7.06,3.84,7.64,0.12,1.52,8.06,-,-,9.31,0.13,1.35,10.54,0.12,1.13,11.25,7.46,26.22,16.3
601958,金钼股份,沪市主板,中证红利质量,有色金属,小金属,钼,MSCI中国;OLED;上证380;中证500;军工;央国企改革;富时罗素;小金属;小金属概念;有色金属;标准普尔;沪股通;稀缺资源;融资融券;西部大开发;钼;陕西板块,小金属,18.32,0.4,1,2.18,15.85,0.4,1,2.52,16.16,0.3,1,1.86,16.78,2.19,15.9,-,-,15.74,-,-,19.95,0.4,2.0,21.4,-,-,24.81,14.56,35.43,20.52
601098,中南传媒,沪市主板,中证红利,传媒,出版,教育出版,上证380;中证500;传媒;出版;华为概念;在线教育;央国企改革;富时罗素;影视概念;教育出版;机构重仓;标准普尔;沪股通;湖南板块;红利股;融资融券,出版,19.25,0.55,2,2.86,18.21,0.65,2,3.57,16.6,0.6,1,3.61,18.02,3.35,19.27,-,-,20.1,0.45,2.24,19.41,-,-,18.22,0.1,0.55,21.12,17.53,9.7,8.95
2318,久立特材,深市主板,红利增长,钢铁,特钢Ⅱ,特钢Ⅲ,中证500;养老金;富时罗素;新材料;标准普尔;核能核电;浙江板块;深成500;深股通;特钢Ⅱ;特钢Ⅲ;航母概念;融资融券;超超临界发电;钢铁;长江三角;页岩气,特钢Ⅱ,133.97,0.97,1,0.72,120.98,0.48,1,0.4,95.81,0.43,1,0.45,116.92,0.52,128.15,-,-,134.2,0.97,0.72,129.86,-,-,143.81,-,-,159.31,121.52,18.91,9.3
600039,四川路桥,沪市主板,中证红利,建筑装饰,基础建设,基建市政工程,HS300_;MSCI中国;PPP模式;一带一路;上证180_;举牌;四川板块;基建市政工程;基础建设;央国企改革;富时罗素;工程建设;建筑装饰;成渝特区;标准普尔;沪股通;碳交易;磷化工;红利股;融资融券;西部大开发;锂电池概念;雅下水电概念,基础建设,105.32,0.41,2,0.39,87.9,0.55,2,0.63,99.06,0.91,1,0.92,97.43,0.65,91.05,-,-,108.28,-,-,106.73,0.38,0.35,114.39,0.03,0.03,122.92,85.96,16.71,18.38
601818,光大银行,沪市主板,中证红利,银行,股份制银行Ⅱ,股份制银行Ⅲ,AH股;HS300_;MSCI中国;上证180_;中特估;互联网金融;价值股;北京板块;央国企改革;富时罗素;机构重仓;标准普尔;沪股通;破净股;红利破净股;红利股;股份制银行Ⅲ;融资融券;证金持股;银行;银行Ⅱ;长期破净,银行Ⅱ,6.2,0.19,2,3.05,5.44,0.17,1,3.18,5.04,0.19,1,3.77,5.56,3.33,6.12,0.1,1.7,6.3,-,-,6.38,0.08,1.33,5.96,-,-,6.81,5.79,9.91,6.56
915,华特达因,深市主板,中证红利质量,医药生物,化学制药,化学制剂,价值股;化学制剂;化学制药;医药生物;央国企改革;婴童概念;富时罗素;山东板块;流感;消毒剂;深股通;维生素;融资融券,化学制药,116.16,2.5,2,2.15,105.03,2.5,2,2.38,117.87,0.8,1,0.68,113.02,1.74,100.29,-,-,111.3,2.0,1.8,124.67,-,-,126.73,0.5,0.39,133.13,94.5,14.61,18.65
600256,广汇能源,沪市主板,中证红利,石油石化,炼化及贸易,油品石化贸易,MSCI中国;一带一路;上证380;天然气;富时罗素;新疆板块;昨日触板;机构重仓;标准普尔;氢能源;沪股通;油品石化贸易;炼化及贸易;煤化工概念;石油石化;碳交易;融资融券;西部大开发,炼化及贸易,278.0,0.62,1,0.22,310.59,0.7,1,0.23,320.97,0.8,1,0.25,303.19,0.23,287.54,-,-,274.99,-,-,277.73,0.62,0.22,272.26,-,-,298.71,260.0,7.45,6.48
600757,长江传媒,沪市主板,中证红利,传媒,出版,教育出版,价值股;传媒;养老金;出版;在线教育;央国企改革;小盘股;教育出版;标准普尔;沪股通;湖北板块;知识产权;红利股;融资融券;证金持股,出版,88.03,0.41,1,0.47,76.29,0.4,1,0.52,70.02,0.32,1,0.46,78.11,0.48,82.36,-,-,89.72,0.41,0.46,91.48,-,-,87.92,-,-,97.37,78.41,10.61,10.93
404,长虹华意,深市主板,红利增长,家用电器,家电零部件Ⅱ,家电零部件Ⅲ,央国企改革;家用电器;家电零部件Ⅱ;家电零部件Ⅲ;新能源车;智能家居;江西板块;汽车热管理;深股通;病毒防治;节能环保;融资融券;贬值受益,家电零部件Ⅱ,33.97,0.3,1,0.88,28.72,0.25,1,0.87,26.12,0.2,1,0.77,29.6,0.84,34.17,-,-,32.21,-,-,35.47,0.3,0.85,33.87,-,-,37.77,27.55,11.2,18.89
2563,森马服饰,深市主板,中证红利,纺织服饰,服装家纺,非运动服装,婴童概念;富时罗素;小盘股;新零售;服装家纺;标准普尔;浙江板块;深成500;深股通;电商概念;社区团购;红利股;纺织服饰;网红经济;融资融券;非运动服装,服装家纺,41.24,0.5,2,1.21,39.64,0.3,1,0.76,39.4,0.2,1,0.51,40.09,0.83,42.55,-,-,41.23,0.35,0.85,40.02,-,-,41.34,0.15,0.36,46.22,38.18,12.08,7.42
601717,中创智领,沪市主板,"中证红利, 中证红利质量, 红利增长",机械设备,专用设备,能源及重型设备,AH股;DeepSeek概念;MSCI中国;上证380;专用设备;中证500;储能概念;华为汽车;富时罗素;新能源车;机构重仓;机械设备;标准普尔;沪股通;河南板块;能源及重型设备;融资融券,专用设备,44.03,1.12,1,2.54,33.27,0.84,1,2.52,29.79,0.56,1,1.88,35.7,2.32,33.86,-,-,38.11,-,-,46.94,1.12,2.39,56.4,-,-,64.08,31.36,45.55,28.77
601666,平煤股份,沪市主板,中证红利,煤炭,煤炭开采,焦煤,2025中报预减;上证380;中证500;反内卷概念;央国企改革;富时罗素;标准普尔;沪股通;河南板块;焦煤;煤炭;煤炭开采;破净股;稀缺资源;红利破净股;红利股;融资融券;证金持股;转债标的,煤炭开采,29.57,0.6,1,2.03,34.63,0.99,1,2.86,29.39,0.87,1,2.96,31.2,2.62,30.18,-,-,28.87,0.6,2.08,29.38,-,-,29.9,-,-,31.85,27.85,7.71,5.82
601101,昊华能源,沪市主板,中证红利,煤炭,煤炭开采,动力煤,动力煤;北京板块;反内卷概念;央国企改革;小盘股;机构重仓;沪股通;煤化工概念;煤炭;煤炭开采;稀缺资源;融资融券,煤炭开采,32.45,0.46,1,1.41,34.17,0.35,1,1.02,26.13,0.34,1,1.3,30.92,1.25,32.11,-,-,30.91,-,-,32.97,0.46,1.39,33.73,-,-,35.81,29.19,10.36,10.04
600546,山煤国际,沪市主板,中证红利,煤炭,煤炭开采,动力煤,HJT电池;上证380;中证500;光伏概念;内贸流通;动力煤;参股银行;反内卷概念;央国企改革;山西板块;昨日炸板;昨日触板;沪股通;煤炭;煤炭开采;红利股;融资融券;超超临界发电,煤炭开采,86.63,0.69,1,0.8,106.83,0.65,1,0.61,109.9,1.8,1,1.64,101.12,1.01,88.39,-,-,81.74,0.69,0.84,85.61,-,-,90.96,-,-,96.48,79.03,11.37,8.77
601336,新华保险,沪市主板,红利质量,非银金融,保险Ⅱ,保险Ⅲ,2025三季报预增;AH股;HS300_;MSCI中国;上证180_;保险Ⅱ;保险Ⅲ;养老概念;北京板块;周期股;富时罗素;标准普尔;沪股通;蚂蚁概念;融资融券;证金持股;非银金融,保险Ⅱ,68.48,2.66,2,3.88,44.55,1.39,2,3.12,42.86,1.08,1,2.52,51.96,3.17,58.23,-,-,61.25,-,-,73.92,1.99,2.69,79.46,0.67,0.84,84.9,54.38,23.98,20.59
2572,索菲亚,深市主板,中证红利,轻工制造,家居用品,定制家居,价值股;参股券商;定制家居;家居用品;富时罗素;小盘股;广东板块;新零售;标准普尔;深成500;深股通;电商概念;虚拟现实;融资融券;轻工制造,家居用品,331.84,1.0,1,0.3,341.56,1.0,1,0.29,364.34,0.7,1,0.19,345.91,0.26,351.11,-,-,335.03,1.0,0.3,323.93,-,-,319.03,-,-,380.61,303.97,14.7,8.4
672,上峰水泥,深市主板,中证红利,建筑材料,水泥,水泥制造,一带一路;价值股;储能概念;光伏概念;养老金;反内卷概念;国产芯片;富时罗素;小盘股;建筑材料;水泥;水泥制造;深股通;甘肃板块;融资融券;西部大开发,水泥,96.01,0.63,1,0.66,78.0,0.4,1,0.51,99.25,0.35,1,0.35,91.09,0.51,80.67,-,-,89.25,0.63,0.71,98.21,-,-,114.94,-,-,130.68,77.44,36.11,19.34
601225,陕西煤业,沪市主板,中证红利,煤炭,煤炭开采,动力煤,HS300_;MSCI中国;上证180_;上证50_;价值股;动力煤;反内卷概念;周期股;央国企改革;富时罗素;昨日高振幅;机构重仓;标准普尔;沪股通;煤炭;煤炭开采;红利股;融资融券;西部大开发;证金持股;陕西板块,煤炭开采,28.74,1.28,3,4.45,31.15,1.42,2,4.57,23.19,2.18,1,9.4,27.69,6.14,27.85,0.1,0.37,27.3,1.14,4.16,28.82,0.04,0.14,30.95,-,-,33.08,25.95,15.1,9.71
601216,君正集团,沪市主板,中证红利,基础化工,化学原料,氯碱,MSCI中国;上证380;中证500;互联网金融;内蒙古;化学原料;参股券商;参股银行;基础化工;富时罗素;彩票概念;昨日高振幅;标准普尔;氯碱;沪股通;煤化工概念;独角兽;生物疫苗;红利股;蚂蚁概念;融资融券;西部大开发;阿里概念;降解塑料,化学原料,80.88,0.15,1,0.19,64.07,0.32,1,0.5,62.16,0.18,1,0.29,69.04,0.32,82.59,-,-,80.59,0.15,0.19,82.47,-,-,77.77,-,-,92.06,73.62,13.83,8.97
2371,北方华创,深市主板,红利增长,电子,半导体,半导体设备,HS300_;MSCI中国;OLED;中芯概念;光伏概念;光刻机(胶);北京板块;半导体;半导体概念;半导体设备;华为概念;华为海思;国产芯片;央国企改革;宁组合;富时罗素;标准普尔;氮化镓;深成500;深股通;深证100R;电子;百元股;第三代半导体;茅指数;融资融券;锂电池概念;高带宽内存,半导体,2262.65,1.06,1,0.05,1529.06,0.78,1,0.05,1252.53,0.45,1,0.04,1681.42,0.04,1967.03,-,-,2053.4,-,-,2284.23,1.06,0.05,2729.02,-,-,3055.62,1764.52,35.05,22.02
600057,厦门象屿,沪市主板,中证红利,交通运输,物流,原材料供应链服务,一带一路;上证380;交通运输;价值股;农业种植;冷链物流;原材料供应链服务;参股银行;土地流转;央国企改革;富时罗素;小盘股;数据要素;沪股通;物流;福建板块;红利股;股权激励;融资融券,物流,67.0,0.35,2,0.52,58.95,0.3,1,0.51,74.47,0.61,1,0.82,66.81,0.62,57.41,-,-,62.63,0.25,0.4,69.08,-,-,78.17,0.1,0.13,84.92,54.02,26.75,19.37
2690,美亚光电,深市主板,中证红利质量,机械设备,专用设备,其他专用设备,专用设备;其他专用设备;养老金;医疗器械概念;安徽板块;富时罗素;小盘股;工业互联;机器视觉;机械设备;标准普尔;深成500;深股通;融资融券;食品安全,专用设备,101.6,0.7,1,0.69,92.15,0.7,1,0.76,123.83,0.7,1,0.57,105.86,0.67,87.99,-,-,98.31,0.7,0.71,105.23,-,-,113.83,-,-,121.08,81.4,19.17,19.88
603444,吉比特,沪市主板,红利质量,传媒,游戏Ⅱ,游戏Ⅲ,2025三季报预增;上证380;中证500;传媒;在线教育;富时罗素;标准普尔;沪股通;游戏Ⅱ;游戏Ⅲ;百元股;福建板块;网络游戏;融资融券;谷子经济,游戏Ⅱ,423.83,16.1,3,3.8,273.05,6.5,2,2.38,463.93,10.0,2,2.16,386.93,2.78,301.11,-,-,327.55,3.5,1.07,505.13,6.6,1.31,547.25,6.0,1.1,752.24,282.17,77.49,33.42
603040,新坐标,沪市主板,"中证红利质量, 红利质量",汽车,汽车零部件,底盘与发动机系统,专精特新;养老金;底盘与发动机系统;新能源车;汽车;汽车热管理;汽车零部件;沪股通;浙江板块,汽车零部件,116.96,1.25,4,1.07,51.54,0.6,2,1.16,53.99,0.5,2,0.93,74.16,1.05,66.71,0.1,0.15,84.36,0.6,0.71,133.58,0.3,0.22,179.02,0.25,0.14,210.75,53.07,80.19,54.63
601001,晋控煤业,沪市主板,中证红利,煤炭,煤炭开采,动力煤,上证380;中证500;动力煤;反内卷概念;央国企改革;富时罗素;山西板块;昨日高振幅;机构重仓;标准普尔;沪股通;煤炭;煤炭开采;稀缺资源;融资融券,煤炭开采,32.71,0.76,1,2.31,35.4,0.79,1,2.23,25.75,0.63,1,2.45,31.28,2.33,30.62,-,-,29.3,-,-,33.8,0.76,2.23,36.88,-,-,40.39,27.54,23.5,15.79
2756,永兴材料,深市主板,中证红利,有色金属,能源金属,锂,中证500;养老金;反内卷概念;富时罗素;昨日高振幅;有色金属;核能核电;浙江板块;深成500;深股通;股权激励;能源金属;航天航空;融资融券;锂;锂电池概念;锂矿概念,能源金属,111.45,0.8,2,0.72,119.68,2.5,2,2.09,153.36,6.0,2,3.91,128.16,2.24,108.76,-,-,96.51,0.5,0.52,106.73,-,-,134.14,0.3,0.22,156.94,92.84,40.81,16.7
603508,思维列控,沪市主板,中证红利质量,计算机,计算机设备,安防设备,2025中报预增;大数据;安防设备;小盘股;无人驾驶;机构重仓;沪股通;河南板块;红利股;融资融券;计算机;计算机设备;车联网(车路云);铁路基建,计算机设备,63.15,3.29,2,5.21,43.85,1.01,2,2.3,36.69,0.55,1,1.49,47.9,3.0,52.66,-,-,57.12,1.19,2.08,71.69,2.1,2.93,70.11,-,-,81.41,47.45,28.91,24.87
333,美的集团,深市主板,中证红利质量,家用电器,白色家电,空调,AH股;HS300_;MSCI中国;人形机器人;价值股;净水概念;医疗器械概念;参股银行;国产芯片;央视50_;家用电器;工业互联;广东板块;数据中心;新能源车;智能家居;机构重仓;标准普尔;液冷概念;深成500;深股通;深证100R;物联网;白色家电;空气能热泵;空调;股权激励;茅指数;融资融券;证金持股;超级品牌;鸿蒙概念,白色家电,346.87,4.0,2,1.15,303.82,3.0,1,0.99,249.48,2.5,1,1.0,300.06,1.05,335.15,-,-,340.29,3.5,1.03,347.11,-,-,364.32,0.5,0.14,382.81,311.49,10.36,10.2
2867,周大生,深市主板,"中证红利, 中证红利质量",纺织服饰,饰品,钟表珠宝,富时罗素;小盘股;广东板块;标准普尔;深圳特区;深成500;深股通;电商概念;纺织服饰;融资融券;钟表珠宝;饰品;黄金概念,饰品,40.15,0.9,2,2.24,40.74,0.95,2,2.33,42.57,0.9,2,2.11,41.16,2.23,38.61,-,-,40.53,0.65,1.6,41.0,-,-,40.31,0.25,0.62,46.13,36.64,14.88,8.75
601900,南方传媒,沪市主板,红利质量,传媒,出版,教育出版,2025中报预增;AI应用;人工智能;价值股;传媒;出版;参股银行;在线教育;央国企改革;小盘股;广东板块;教育出版;数字阅读;沪股通;融资融券,出版,17.68,0.55,1,3.11,15.84,0.54,1,3.41,17.21,0.47,1,2.73,16.91,3.08,17.76,-,-,18.77,-,-,17.25,0.55,3.19,17.0,-,-,20.21,15.77,14.29,10.82
2737,葵花药业,深市主板,中证红利,医药生物,中药Ⅱ,中药Ⅲ,2025中报预减;中药Ⅱ;中药Ⅲ;中药概念;创新药;医药生物;婴童概念;富时罗素;小盘股;标准普尔;流感;深股通;肝炎概念;融资融券;黑龙江,中药Ⅱ,92.14,0.5,1,0.54,118.85,1.5,1,1.26,115.79,1.0,1,0.86,108.93,0.89,99.71,-,-,90.6,-,-,91.08,0.5,0.55,87.68,-,-,111.31,85.47,20.8,7.24
2416,爱施德,深市主板,中证红利,商贸零售,专业连锁Ⅱ,专业连锁Ⅲ,专业连锁Ⅱ;专业连锁Ⅲ;互联网金融;内贸流通;区块链;参股保险;商贸零售;富时罗素;小盘股;广东板块;新零售;标准普尔;深圳特区;深成500;深股通;物联网;电子烟;算力概念;网红经济;苹果概念;荣耀概念;融资融券;锂电池概念;阿里概念,专业连锁Ⅱ,37.12,0.5,1,1.35,32.58,0.4,1,1.23,25.33,0.5,1,1.97,31.67,1.52,39.14,-,-,35.0,0.5,1.43,37.25,-,-,37.16,-,-,47.7,32.75,28.51,11.76
601598,中国外运,沪市主板,中证红利,交通运输,物流,跨境物流,AH股;一带一路;上证380;中字头;中特估;中证500;交通运输;价值股;冷链物流;北京板块;区块链;央国企改革;富时罗素;快递概念;机构重仓;标准普尔;沪股通;物流;红利股;统一大市场;融资融券;跨境物流;跨境电商,物流,6.81,0.29,2,4.26,6.42,0.29,2,4.51,5.34,0.24,2,4.58,6.19,4.45,6.32,-,-,6.1,-,-,7.04,0.14,2.06,7.75,0.14,1.87,9.13,5.82,33.98,14.59
603611,诺力股份,沪市主板,红利质量,机械设备,工程机械,工程机械整机,一带一路;人工智能;价值股;工业互联;工程机械;工程机械整机;工程机械概念;新型工业化;无人驾驶;机器人概念;机械设备;沪股通;浙江板块;统一大市场,工程机械,72.39,0.9,1,1.24,59.55,0.62,1,1.04,66.73,0.55,1,0.82,66.22,1.04,62.31,-,-,64.65,0.9,1.39,81.75,-,-,79.4,-,-,93.75,52.85,29.51,26.99
603929,亚翔集成,沪市主板,红利质量,建筑装饰,专业工程,其他专业工程,OLED;专业工程;中芯概念;其他专业工程;半导体概念;华为概念;国产芯片;富士康;建筑装饰;标准普尔;江苏板块;沪股通;百元股,专业工程,43.82,2.0,2,4.56,25.76,1.0,1,3.88,19.06,0.25,1,1.31,29.55,3.25,33.92,-,-,32.3,1.0,3.1,42.01,1.0,2.38,66.71,-,-,112.62,27.74,157.03,36.69
600919,江苏银行,沪市主板,中证红利,银行,城商行Ⅱ,城商行Ⅲ,HS300_;MSCI中国;上证180_;互联网金融;价值股;区块链;城商行Ⅲ;富时罗素;机构重仓;标准普尔;江苏板块;沪股通;破净股;红利破净股;红利股;融资融券;银行;银行Ⅱ,银行Ⅱ,16.01,0.52,2,3.25,11.97,0.47,1,3.93,10.13,0.49,1,4.84,12.7,4.01,14.44,0.31,2.12,16.06,-,-,16.98,0.21,1.26,16.36,-,-,18.48,13.84,15.46,13.53
601919,中远海控,沪市主板,中证红利,交通运输,航运港口,航运,AH股;HS300_;MSCI中国;一带一路;上证180_;上证50_;中字头;中特估;交通运输;价值股;周期股;天津板块;央国企改革;富时罗素;机构重仓;标准普尔;沪股通;海洋经济;航运;航运港口;融资融券;证金持股,航运港口,28.12,1.59,2,5.66,23.85,0.75,2,3.15,18.67,1.9,2,10.18,23.54,6.33,26.32,-,-,27.71,1.03,3.72,29.04,-,-,29.21,0.56,1.92,30.45,24.31,8.3,13.53
603367,辰欣药业,沪市主板,红利质量,医药生物,化学制药,化学制剂,化学制剂;化学制药;医药生物;婴童概念;山东板块;标准普尔;沪股通;流感;病毒防治;肝素概念,化学制药,20.29,0.41,2,2.01,16.09,0.66,2,4.08,15.93,0.34,1,2.1,17.44,2.73,15.67,-,-,16.24,0.22,1.35,26.09,-,-,22.36,0.19,0.84,36.51,15.14,79.94,25.38
601229,上海银行,沪市主板,中证红利,银行,城商行Ⅱ,城商行Ⅲ,HS300_;MSCI中国;QFII重仓;上海板块;上证180_;互联网金融;价值股;城商行Ⅲ;富时罗素;标准普尔;沪股通;破净股;红利破净股;红利股;融资融券;转债标的;银行;银行Ⅱ;长期破净;长江三角,银行Ⅱ,31.48,0.52,2,1.65,23.77,0.74,2,3.11,19.64,0.4,1,2.04,24.96,2.27,29.3,-,-,32.68,0.22,0.67,31.85,-,-,31.94,0.3,0.94,35.07,28.16,11.4,10.55
601997,贵阳银行,沪市主板,中证红利,银行,城商行Ⅱ,城商行Ⅲ,上证380;中证500;互联网金融;价值股;城商行Ⅲ;富时罗素;标准普尔;沪股通;破净股;融资融券;西部大开发;贵州板块;银行;银行Ⅱ;长期破净,银行Ⅱ,11.79,0.29,1,2.46,10.67,0.29,1,2.72,10.14,0.3,1,2.96,10.87,2.71,11.25,-,-,11.56,0.29,2.51,12.34,-,-,11.91,-,-,13.32,10.92,13.02,7.34
603203,快克智能,沪市主板,中证红利质量,机械设备,自动化设备,工控设备,AI眼镜;OLED;专精特新;中芯概念;半导体概念;华为概念;富士康;小米概念;工业互联;工控设备;新能源车;智能穿戴;机器人概念;机构重仓;机械设备;江苏板块;沪股通;液冷概念;自动化设备;苹果概念,自动化设备,82.09,0.65,1,0.79,67.3,0.6,1,0.89,84.95,1.0,1,1.18,78.11,0.95,73.75,-,-,71.61,0.65,0.91,87.38,-,-,94.68,-,-,112.93,63.98,37.57,22.06
603871,嘉友国际,沪市主板,中证红利质量,交通运输,物流,跨境物流,一带一路;上证380;中俄贸易概念;交通运输;冷链物流;北京板块;小盘股;标准普尔;沪股通;物流;融资融券;跨境物流,物流,182.86,0.6,2,0.33,189.79,0.8,2,0.42,129.23,0.5,1,0.39,167.29,0.38,181.44,-,-,156.99,0.4,0.25,182.92,-,-,210.02,0.2,0.1,224.7,148.37,22.88,18.86
603233,大参林,沪市主板,红利质量,医药生物,医药商业,线下药店,上证380;中证500;内贸流通;医药商业;医药生物;富时罗素;广东板块;标准普尔;沪股通;电商概念;线下药店;融资融券;转债标的,医药商业,53.07,0.65,2,1.22,54.63,0.62,2,1.13,80.62,0.6,1,0.74,62.77,1.03,46.9,-,-,53.6,0.31,0.58,54.34,-,-,57.0,0.34,0.6,61.26,43.76,15.43,17.54
603816,顾家家居,沪市主板,"中证红利质量, 红利质量",轻工制造,家居用品,成品家居,MSCI中国;上证380;中证500;价值股;家居用品;富时罗素;成品家居;智能家居;标准普尔;沪股通;浙江板块;电商概念;融资融券;轻工制造,家居用品,63.48,1.38,1,2.17,68.04,1.39,1,2.04,81.28,1.11,1,1.37,70.94,1.86,62.47,-,-,56.85,-,-,64.5,1.38,2.14,69.96,-,-,73.25,52.9,15.38,16.67
603259,药明康德,沪市主板,"中证红利质量, 红利质量",医药生物,医疗服务,医疗研发外包,2025中报预增;AH股;CAR-T细胞疗法;CRO;HS300_;MSCI中国;上证180_;上证50_;创新药;医疗服务;医疗研发外包;医药生物;基金重仓;宁组合;富时罗素;标准普尔;江苏板块;沪股通;独角兽;茅指数;融资融券,医疗服务,193.5,1.33,2,0.69,121.05,0.99,1,0.82,188.28,0.89,1,0.47,167.61,0.66,148.64,-,-,152.59,0.98,0.64,231.62,0.35,0.15,235.08,-,-,276.79,127.95,43.05,33.88
1206,依依股份,深市主板,中证红利质量,美容护理,个护用品,生活用纸,个护用品;天津板块;婴童概念;宠物经济;生活用纸;电商概念;美容护理;贬值受益,个护用品,51.97,0.61,2,1.17,30.7,0.9,3,2.93,33.77,0.75,2,2.22,38.81,2.11,43.75,-,-,43.37,0.37,0.85,55.78,0.24,0.43,66.32,-,-,73.94,33.7,42.29,35.15
2850,科达利,深市主板,红利增长,电力设备,电池,锂电池,MSCI中国;PEEK材料概念;中证500;人形机器人;固态电池;富时罗素;广东板块;新能源车;机器人概念;深圳特区;深成500;深股通;特斯拉;电力设备;电池;百元股;融资融券;转债标的;锂电池;锂电池概念,电池,205.81,2.0,1,0.97,133.23,1.5,1,1.13,176.67,0.3,1,0.17,171.9,0.76,185.35,-,-,181.64,2.0,1.1,204.98,-,-,250.33,-,-,301.25,141.1,46.37,31.44
408,藏格矿业,深市主板,中证红利,有色金属,能源金属,锂,HS300_;MSCI中国;农化制品;反内卷概念;基础化工;央国企改革;小金属概念;昨日高振幅;机构重仓;深成500;深股通;深证100R;融资融券;西部大开发;钾肥;锂电池概念;锂矿概念;青海板块,农化制品,398.46,1.0,1,0.25,237.3,1.06,2,0.45,206.09,1.76,2,0.85,280.62,0.52,288.03,-,-,321.62,-,-,422.67,1.0,0.24,544.38,-,-,706.68,243.28,77.35,38.94
601019,山东出版,沪市主板,中证红利,传媒,出版,教育出版,DeepSeek概念;上证380;中证500;传媒;出版;在线教育;央国企改革;富时罗素;山东板块;教育出版;标准普尔;沪股通;红利股;融资融券,出版,12.0,0.37,2,3.08,13.4,0.56,1,4.18,10.4,0.39,1,3.75,11.93,3.67,12.83,-,-,12.48,0.31,2.48,11.6,-,-,11.18,0.06,0.54,14.15,10.4,17.9,13.35
603833,欧派家居,沪市主板,红利质量,轻工制造,家居用品,定制家居,上证380;中证500;价值股;定制家居;家居用品;富时罗素;广东板块;标准普尔;沪股通;融资融券;转债标的;轻工制造,家居用品,96.9,2.48,1,2.56,96.69,2.76,1,2.85,153.09,1.77,1,1.16,115.56,2.19,103.27,-,-,100.66,-,-,93.47,2.48,2.65,90.86,-,-,111.98,87.48,15.56,9.72
600901,江苏金租,沪市主板,中证红利,非银金融,多元金融,租赁,MSCI中国;上证380;中证500;多元金融;央国企改革;机构重仓;标准普尔;江苏板块;沪股通;租赁;红利股;融资融券;非银金融,多元金融,10.2,0.4,2,3.92,8.84,0.32,1,3.62,7.7,0.35,1,4.54,8.91,4.03,9.13,-,-,9.99,0.27,2.7,10.56,-,-,11.03,0.13,1.18,11.57,8.83,13.43,13.43
603380,易德龙,沪市主板,"中证红利质量, 红利质量",电子,消费电子,消费电子零部件及组装,5G概念;医疗器械概念;数据中心;新能源车;机器人概念;江苏板块;沪股通;消费电子;消费电子零部件及组装;电子,消费电子,33.56,1.0,1,2.98,22.11,0.26,1,1.18,25.99,0.14,1,0.54,27.22,1.56,26.87,-,-,25.13,1.0,3.98,40.07,-,-,41.19,-,-,54.5,20.82,62.39,37.96
2895,川恒股份,深市主板,中证红利质量,基础化工,农化制品,磷肥及磷化工,2025中报预增;养老金;农化制品;基础化工;小盘股;机构重仓;深股通;磷化工;磷肥及磷化工;融资融券;西部大开发;贵州板块,农化制品,29.96,1.5,2,5.01,21.41,1.0,1,4.67,23.15,0.7,1,3.02,24.84,4.23,24.97,-,-,26.46,1.2,4.53,29.51,0.3,1.02,38.68,-,-,43.09,23.44,43.83,21.76
2192,融捷股份,深市主板,红利质量,有色金属,能源金属,锂,储能概念;反内卷概念;小盘股;广东板块;昨日高振幅;有色金属;标准普尔;深股通;稀缺资源;能源金属;融资融券;锂;锂电池概念;锂矿概念,能源金属,112.77,0.17,1,0.15,113.36,0.3,1,0.26,214.07,0.98,1,0.46,146.73,0.29,99.16,-,-,89.51,-,-,110.24,0.17,0.15,151.74,-,-,201.17,84.18,78.39,25.35
601838,成都银行,沪市主板,中证红利,银行,城商行Ⅱ,城商行Ⅲ,HS300_;MSCI中国;上证180_;互联网金融;价值股;四川板块;城商行Ⅲ;央国企改革;富时罗素;标准普尔;沪股通;破净股;红利破净股;红利股;融资融券;西部大开发;银行;银行Ⅱ,银行Ⅱ,22.0,0.89,1,4.05,17.87,0.9,1,5.02,15.7,0.77,1,4.89,18.52,4.65,20.52,-,-,22.26,-,-,23.22,0.89,3.84,21.79,-,-,24.68,19.63,12.19,10.77
603129,春风动力,沪市主板,红利质量,汽车,摩托车及其他,摩托车,上证380;中证500;交运设备;体育产业;养老金;基金重仓;富时罗素;摩托车;摩托车及其他;汽车;沪股通;浙江板块;百元股;融资融券,摩托车及其他,230.12,3.85,1,1.67,141.37,2.08,1,1.47,134.99,1.41,1,1.04,168.83,1.4,191.12,-,-,189.33,3.85,2.03,263.04,-,-,271.75,-,-,307.24,145.64,33.51,36.71
601825,沪农商行,沪市主板,中证红利,银行,农商行Ⅱ,农商行Ⅲ,HS300_;MSCI中国;上海板块;上证180_;互联网金融;农商行Ⅲ;沪股通;破净股;融资融券;银行;银行Ⅱ;长期破净,银行Ⅱ,10.53,0.43,2,4.12,8.25,0.62,2,7.49,6.59,0.34,1,5.19,8.46,5.6,9.64,-,-,10.6,0.19,1.82,10.84,0.24,2.22,10.94,-,-,11.89,9.44,12.96,10.31
605028,世茂能源,沪市主板,中证红利质量,公用事业,电力,热力服务,公用事业;垃圾分类;浙江板块;热力服务;电力;绿色电力;节能环保,电力,23.91,1.1,3,4.6,17.15,0.6,1,3.5,20.0,0.3,1,1.5,20.35,3.2,19.34,0.6,3.1,19.76,0.2,1.01,25.43,-,-,30.71,0.3,0.98,35.98,17.67,50.51,26.08
603565,中谷物流,沪市主板,"中证红利, 中证红利质量",交通运输,航运港口,航运,上海板块;上证380;中证500;交通运输;价值股;养老金;冷链物流;机构重仓;沪股通;红利股;航运;航运港口;融资融券,航运港口,38.23,1.22,2,3.19,31.55,0.72,1,2.28,34.75,0.22,1,0.63,34.84,2.04,33.59,-,-,37.46,0.79,2.11,39.94,0.43,1.08,41.53,-,-,43.85,32.38,14.7,15.3
600938,中国海油,沪市主板,"中证红利, 中证红利质量, 红利质量",石油石化,油气开采Ⅱ,油气开采Ⅲ,AH股;HS300_;MSCI中国;上证180_;东方财富热股;中字头;中特估;价值股;周期股;天然气;央国企改革;新能源;昨日炸板;昨日触板;机构重仓;沪股通;油气开采Ⅱ;油气开采Ⅲ;油气设服;石油石化;绿色电力;融资融券;风能,油气开采Ⅱ,31.17,1.27,2,4.08,31.12,1.28,2,4.1,20.54,1.22,2,5.93,27.61,4.7,30.92,-,-,29.72,-,-,30.7,0.61,1.97,33.35,0.67,2.0,35.56,27.34,14.1,12.28
603967,中创物流,沪市主板,中证红利,交通运输,物流,跨境物流,一带一路;中俄贸易概念;交通运输;价值股;冷链物流;山东板块;物流;跨境物流,物流,18.25,0.6,1,3.29,14.78,0.5,1,3.38,14.69,0.45,1,3.06,15.91,3.24,15.95,-,-,18.76,0.6,3.2,18.65,-,-,19.48,-,-,21.49,14.99,17.76,17.86
603317,天味食品,沪市主板,中证红利质量,食品饮料,调味发酵品Ⅱ,调味发酵品Ⅲ,上证380;四川板块;富时罗素;小盘股;沪股通;股权激励;融资融券;西部大开发;调味发酵品Ⅱ;调味发酵品Ⅲ;调味品概念;食品饮料,调味发酵品Ⅱ,33.43,0.55,1,1.65,32.23,0.4,1,1.24,39.49,0.32,1,0.81,35.05,1.23,34.73,-,-,33.01,0.55,1.67,32.15,-,-,34.01,-,-,38.09,29.76,13.95,10.97
603529,爱玛科技,沪市主板,红利质量,汽车,摩托车及其他,其他运输设备,上证380;中证500;交运设备;共享经济;其他运输设备;创投;天津板块;摩托车及其他;新能源车;汽车;沪股通;融资融券;转债标的;锂电池概念,摩托车及其他,83.54,1.22,2,1.46,71.14,0.87,2,1.22,73.15,1.65,2,2.26,75.94,1.65,92.09,-,-,87.93,0.59,0.67,81.38,0.63,0.77,73.39,-,-,103.51,69.38,23.91,16.95
601658,邮储银行,沪市主板,中证红利,银行,国有大型银行Ⅱ,国有大型银行Ⅲ,AH股;HS300_;MSCI中国;上证180_;上证50_;中特估;互联网金融;北京板块;国有大型银行Ⅲ;央国企改革;机构重仓;沪股通;破净股;蚂蚁概念;融资融券;银行;银行Ⅱ;长期破净,银行Ⅱ,6.99,0.26,2,3.74,6.03,0.26,1,4.33,5.65,0.26,1,4.56,6.22,4.21,6.65,0.15,2.22,6.73,0.11,1.69,7.38,-,-,7.13,-,-,7.84,6.4,12.23,8.39
605499,东鹏饮料,沪市主板,红利质量,食品饮料,饮料乳品,软饮料,AH股;HS300_;MSCI中国;上证180_;广东板块;新零售;机构重仓;沪股通;百元股;融资融券;软饮料;食品饮料;饮料乳品,饮料乳品,372.09,5.0,2,1.34,236.02,5.0,2,2.12,187.87,2.0,1,1.06,265.33,1.51,315.37,-,-,393.5,2.5,0.64,400.36,2.5,0.62,373.48,-,-,450.7,282.99,21.12,23.95
601077,渝农商行,沪市主板,中证红利,银行,农商行Ⅱ,农商行Ⅲ,AH股;HS300_;MSCI中国;上证180_;互联网金融;农商行Ⅲ;富时罗素;小米概念;成渝特区;沪股通;破净股;红利破净股;红利股;融资融券;西部大开发;重庆板块;银行;银行Ⅱ;长期破净,银行Ⅱ,8.1,0.3,2,3.76,6.15,0.29,1,4.69,4.71,0.27,1,5.76,6.32,4.74,7.25,0.19,2.68,8.47,0.11,1.3,8.33,-,-,8.29,-,-,9.2,7.0,13.56,13.6
605118,力鼎光电,沪市主板,中证红利质量,计算机,计算机设备,安防设备,2025中报预增;AI眼镜;专精特新;安防概念;安防设备;小盘股;无人机;无人驾驶;沪股通;福建板块;虚拟现实;计算机;计算机设备,计算机设备,25.91,0.61,2,2.35,16.99,0.34,2,2.0,15.72,0.12,1,0.76,19.54,1.71,20.52,-,-,21.05,0.31,1.47,31.59,0.3,0.95,29.63,-,-,36.23,16.28,39.85,37.16
603706,东方环宇,沪市主板,中证红利,公用事业,燃气Ⅱ,燃气Ⅲ,一带一路;公用事业;天然气;新疆板块;昨日高振幅;燃气Ⅱ;燃气Ⅲ;西部大开发,燃气Ⅱ,24.11,0.9,1,3.73,19.0,0.9,1,4.74,17.99,0.7,1,3.89,20.37,4.12,21.88,-,-,23.02,0.9,3.91,25.75,-,-,25.52,-,-,29.22,20.59,21.18,14.61
603893,瑞芯微,沪市主板,红利质量,电子,半导体,数字芯片设计,2025三季报预增;2025中报预增;AI眼镜;AI芯片;EDR概念;HS300_;MSCI中国;上证180_;专精特新;东方财富热股;人工智能;人形机器人;半导体;半导体概念;华为概念;商汤概念;国产芯片;数字芯片设计;机器人概念;沪股通;物联网;电子;百元股;百度概念;福建板块;股权激励;虚拟现实;融资融券,半导体,172.06,0.9,2,0.52,65.79,0.2,1,0.3,76.22,0.25,1,0.33,104.69,0.39,159.75,0.25,0.16,155.69,-,-,186.51,0.65,0.35,184.23,-,-,249.35,100.22,44.92,41.75
2959,小熊电器,深市主板,红利质量,家用电器,小家电,厨房小家电,厨房小家电;婴童概念;家用电器;富时罗素;小家电;广东板块;机构重仓;深股通;电商概念;融资融券;跨境电商;转债标的,小家电,67.13,1.0,1,1.49,69.63,1.2,1,1.72,91.77,0.8,1,0.87,76.18,1.36,62.4,-,-,66.4,1.0,1.51,72.66,-,-,66.28,-,-,79.68,56.51,18.69,15.82
603379,三美股份,沪市主板,红利质量,基础化工,化学制品,氟化工,2025三季报预增;2025中报预增;PVDF概念;上证380;中证500;养老金;化学制品;半导体概念;基础化工;氟化工;氟化工概念;沪股通;浙江板块;融资融券;锂电池概念,化学制品,70.48,0.77,2,1.09,52.21,0.23,1,0.44,41.77,0.24,1,0.57,54.82,0.7,58.79,-,-,64.97,0.45,0.69,75.97,-,-,81.03,0.32,0.39,89.18,53.54,26.54,24.03
603486,科沃斯,沪市主板,红利质量,家用电器,小家电,清洁小家电,2025中报预增;MSCI中国;上证380;中证500;人工智能;宁组合;家用电器;富时罗素;小家电;智能家居;机器人概念;标准普尔;江苏板块;沪股通;清洁小家电;茅指数;融资融券;转债标的,小家电,102.3,0.45,1,0.44,65.29,0.3,1,0.46,97.37,0.9,1,0.92,88.32,0.61,80.03,-,-,78.87,0.45,0.57,123.98,-,-,123.04,-,-,155.44,64.11,51.94,37.33
601187,厦门银行,沪市主板,中证红利,银行,城商行Ⅱ,城商行Ⅲ,上证380;互联网金融;城商行Ⅲ;小盘股;沪股通;破净股;福建板块;银行;银行Ⅱ;长期破净,银行Ⅱ,7.76,0.3,2,3.86,6.22,0.46,2,7.4,6.05,0.29,1,4.79,6.68,5.35,6.72,-,-,7.39,0.16,2.16,8.24,-,-,8.6,0.14,1.63,9.3,6.38,19.8,17.82
603195,公牛集团,沪市主板,中证红利质量,轻工制造,家居用品,其他家居用品,HS300_;MSCI中国;上证180_;储能概念;充电桩;其他家居用品;养老金;华为概念;家居用品;富时罗素;无线充电;智能家居;沪股通;浙江板块;股权激励;融资融券;超级品牌;轻工制造,家居用品,163.65,2.4,1,1.47,170.26,3.1,1,1.82,160.61,3.3,1,2.05,164.84,1.78,171.8,-,-,169.42,2.4,1.42,162.67,-,-,151.21,-,-,181.85,143.91,11.12,12.06
601963,重庆银行,沪市主板,中证红利,银行,城商行Ⅱ,城商行Ⅲ,AH股;乡村振兴;互联网金融;城商行Ⅲ;富时罗素;小盘股;沪股通;破净股;西部大开发;转债标的;重庆板块;银行;银行Ⅱ;长期破净,银行Ⅱ,12.04,0.41,2,3.44,9.09,0.41,1,4.49,8.62,0.4,1,4.58,9.92,4.17,10.65,0.17,1.56,12.56,0.25,1.98,12.08,-,-,12.82,-,-,13.57,10.28,12.67,14.65
